Data Set,family_forming_threshold,family_merging_threshold,maximum_family_size,source_of_siblings,source_of_families,family_distance_method,Number of sibling pairs (wrt linkage),Number of sibling pairs (wrt ground truth),True  Positives,False Positives,False Negatives,Precision,Recall,F1 Measure
kilmarnock,2,2,8,Birth,Birth,Closest,42378,68271,42034,344,26237,0.9919,0.6157,0.7598
kilmarnock,2,2,8,Birth,Birth,Furthest,42378,68271,42034,344,26237,0.9919,0.6157,0.7598
kilmarnock,2,2,8,Birth,Birth,Mean,42378,68271,42034,344,26237,0.9919,0.6157,0.7598
kilmarnock,2,2,8,Birth,Death,Closest,33200,68271,32831,369,35440,0.9889,0.4809,0.6471
kilmarnock,2,2,8,Birth,Death,Furthest,33194,68271,32825,369,35446,0.9889,0.4808,0.647
kilmarnock,2,2,8,Birth,Death,Mean,33200,68271,32831,369,35440,0.9889,0.4809,0.6471
kilmarnock,2,2,8,Birth,Marriage,Closest,16553,68271,16497,56,51774,0.9966,0.2416,0.389
kilmarnock,2,2,8,Birth,Marriage,Furthest,16553,68271,16497,56,51774,0.9966,0.2416,0.389
kilmarnock,2,2,8,Birth,Marriage,Mean,16553,68271,16497,56,51774,0.9966,0.2416,0.389
kilmarnock,2,2,20,Birth,Birth,Closest,46416,68271,45989,427,22282,0.9908,0.6736,0.802
kilmarnock,2,2,20,Birth,Birth,Furthest,46416,68271,45989,427,22282,0.9908,0.6736,0.802
kilmarnock,2,2,20,Birth,Birth,Mean,46416,68271,45989,427,22282,0.9908,0.6736,0.802
kilmarnock,2,2,20,Birth,Death,Closest,40201,68271,39719,482,28552,0.988,0.5818,0.7323
kilmarnock,2,2,20,Birth,Death,Furthest,40195,68271,39713,482,28558,0.988,0.5817,0.7323
kilmarnock,2,2,20,Birth,Death,Mean,40201,68271,39719,482,28552,0.988,0.5818,0.7323
kilmarnock,2,2,20,Birth,Marriage,Closest,20250,68271,20094,156,48177,0.9923,0.2943,0.454
kilmarnock,2,2,20,Birth,Marriage,Furthest,20250,68271,20094,156,48177,0.9923,0.2943,0.454
kilmarnock,2,2,20,Birth,Marriage,Mean,20250,68271,20094,156,48177,0.9923,0.2943,0.454
kilmarnock,2,2,30,Birth,Birth,Closest,46416,68271,45989,427,22282,0.9908,0.6736,0.802
kilmarnock,2,2,30,Birth,Birth,Furthest,46416,68271,45989,427,22282,0.9908,0.6736,0.802
kilmarnock,2,2,30,Birth,Birth,Mean,46416,68271,45989,427,22282,0.9908,0.6736,0.802
kilmarnock,2,2,30,Birth,Death,Closest,40201,68271,39719,482,28552,0.988,0.5818,0.7323
kilmarnock,2,2,30,Birth,Death,Furthest,40195,68271,39713,482,28558,0.988,0.5817,0.7323
kilmarnock,2,2,30,Birth,Death,Mean,40201,68271,39719,482,28552,0.988,0.5818,0.7323
kilmarnock,2,2,30,Birth,Marriage,Closest,20250,68271,20094,156,48177,0.9923,0.2943,0.454
kilmarnock,2,2,30,Birth,Marriage,Furthest,20250,68271,20094,156,48177,0.9923,0.2943,0.454
kilmarnock,2,2,30,Birth,Marriage,Mean,20250,68271,20094,156,48177,0.9923,0.2943,0.454
kilmarnock,2,5,8,Birth,Birth,Closest,44574,68271,43173,1401,25098,0.9686,0.6324,0.7652
kilmarnock,2,5,8,Birth,Birth,Furthest,44556,68271,43173,1383,25098,0.969,0.6324,0.7653
kilmarnock,2,5,8,Birth,Birth,Mean,44582,68271,43173,1409,25098,0.9684,0.6324,0.7651
kilmarnock,2,5,8,Birth,Death,Closest,33848,68271,32377,1471,35894,0.9565,0.4742,0.6341
kilmarnock,2,5,8,Birth,Death,Furthest,33787,68271,32379,1408,35892,0.9583,0.4743,0.6345
kilmarnock,2,5,8,Birth,Death,Mean,33910,68271,32398,1512,35873,0.9554,0.4745,0.6341
kilmarnock,2,5,8,Birth,Marriage,Closest,16401,68271,16254,147,52017,0.991,0.2381,0.3839
kilmarnock,2,5,8,Birth,Marriage,Furthest,16401,68271,16254,147,52017,0.991,0.2381,0.3839
kilmarnock,2,5,8,Birth,Marriage,Mean,16401,68271,16254,147,52017,0.991,0.2381,0.3839
kilmarnock,2,5,20,Birth,Birth,Closest,52054,68271,47730,4324,20541,0.9169,0.6991,0.7934
kilmarnock,2,5,20,Birth,Birth,Furthest,51734,68271,47720,4014,20551,0.9224,0.699,0.7953
kilmarnock,2,5,20,Birth,Birth,Mean,51925,68271,47730,4195,20541,0.9192,0.6991,0.7942
kilmarnock,2,5,20,Birth,Death,Closest,44900,68271,40785,4115,27486,0.9084,0.5974,0.7208
kilmarnock,2,5,20,Birth,Death,Furthest,44557,68271,40776,3781,27495,0.9151,0.5973,0.7228
kilmarnock,2,5,20,Birth,Death,Mean,44723,68271,40785,3938,27486,0.9119,0.5974,0.7219
kilmarnock,2,5,20,Birth,Marriage,Closest,20648,68271,20142,506,48129,0.9755,0.295,0.453
kilmarnock,2,5,20,Birth,Marriage,Furthest,20648,68271,20142,506,48129,0.9755,0.295,0.453
kilmarnock,2,5,20,Birth,Marriage,Mean,20648,68271,20142,506,48129,0.9755,0.295,0.453
kilmarnock,2,5,30,Birth,Birth,Closest,53202,68271,47730,5472,20541,0.8971,0.6991,0.7859
kilmarnock,2,5,30,Birth,Birth,Furthest,52629,68271,47720,4909,20551,0.9067,0.699,0.7894
kilmarnock,2,5,30,Birth,Birth,Mean,53381,68271,47730,5651,20541,0.8941,0.6991,0.7847
kilmarnock,2,5,30,Birth,Death,Closest,46496,68271,40833,5663,27438,0.8782,0.5981,0.7116
kilmarnock,2,5,30,Birth,Death,Furthest,45493,68271,40826,4667,27445,0.8974,0.598,0.7177
kilmarnock,2,5,30,Birth,Death,Mean,45837,68271,40829,5008,27442,0.8907,0.598,0.7156
kilmarnock,2,5,30,Birth,Marriage,Closest,20648,68271,20142,506,48129,0.9755,0.295,0.453
kilmarnock,2,5,30,Birth,Marriage,Furthest,20648,68271,20142,506,48129,0.9755,0.295,0.453
kilmarnock,2,5,30,Birth,Marriage,Mean,20648,68271,20142,506,48129,0.9755,0.295,0.453
kilmarnock,2,8,8,Birth,Birth,Closest,48288,68271,43632,4656,24639,0.9036,0.6391,0.7487
kilmarnock,2,8,8,Birth,Birth,Furthest,48184,68271,43632,4552,24639,0.9055,0.6391,0.7493
kilmarnock,2,8,8,Birth,Birth,Mean,48363,68271,43644,4719,24627,0.9024,0.6393,0.7484
kilmarnock,2,8,8,Birth,Death,Closest,32022,68271,27747,4275,40524,0.8665,0.4064,0.5533
kilmarnock,2,8,8,Birth,Death,Furthest,31851,68271,27755,4096,40516,0.8714,0.4065,0.5544
kilmarnock,2,8,8,Birth,Death,Mean,32077,68271,27761,4316,40510,0.8654,0.4066,0.5533
kilmarnock,2,8,8,Birth,Marriage,Closest,16161,68271,14602,1559,53669,0.9035,0.2139,0.3459
kilmarnock,2,8,8,Birth,Marriage,Furthest,16090,68271,14608,1482,53663,0.9079,0.214,0.3463
kilmarnock,2,8,8,Birth,Marriage,Mean,16119,68271,14597,1522,53674,0.9056,0.2138,0.3459
kilmarnock,2,8,20,Birth,Birth,Closest,75538,68271,48696,26842,19575,0.6447,0.7133,0.6772
kilmarnock,2,8,20,Birth,Birth,Furthest,73841,68271,48649,25192,19622,0.6588,0.7126,0.6847
kilmarnock,2,8,20,Birth,Birth,Mean,75011,68271,48716,26295,19555,0.6495,0.7136,0.68
kilmarnock,2,8,20,Birth,Death,Closest,62023,68271,39691,22332,28580,0.6399,0.5814,0.6093
kilmarnock,2,8,20,Birth,Death,Furthest,60383,68271,39724,20659,28547,0.6579,0.5819,0.6175
kilmarnock,2,8,20,Birth,Death,Mean,61562,68271,39626,21936,28645,0.6437,0.5804,0.6104
kilmarnock,2,8,20,Birth,Marriage,Closest,26577,68271,19715,6862,48556,0.7418,0.2888,0.4157
kilmarnock,2,8,20,Birth,Marriage,Furthest,26037,68271,19752,6285,48519,0.7586,0.2893,0.4189
kilmarnock,2,8,20,Birth,Marriage,Mean,26311,68271,19727,6584,48544,0.7498,0.289,0.4171
kilmarnock,2,8,30,Birth,Birth,Closest,89243,68271,48770,40473,19501,0.5465,0.7144,0.6192
kilmarnock,2,8,30,Birth,Birth,Furthest,84405,68271,48701,35704,19570,0.577,0.7133,0.638
kilmarnock,2,8,30,Birth,Birth,Mean,87518,68271,48758,38760,19513,0.5571,0.7142,0.6259
kilmarnock,2,8,30,Birth,Death,Closest,74312,68271,40205,34107,28066,0.541,0.5889,0.564
kilmarnock,2,8,30,Birth,Death,Furthest,71073,68271,40211,30862,28060,0.5658,0.589,0.5771
kilmarnock,2,8,30,Birth,Death,Mean,73668,68271,40330,33338,27941,0.5475,0.5907,0.5683
kilmarnock,2,8,30,Birth,Marriage,Closest,29242,68271,19947,9295,48324,0.6821,0.2922,0.4091
kilmarnock,2,8,30,Birth,Marriage,Furthest,28681,68271,19975,8706,48296,0.6965,0.2926,0.4121
kilmarnock,2,8,30,Birth,Marriage,Mean,29004,68271,20025,8979,48246,0.6904,0.2933,0.4117
kilmarnock,2,10,8,Birth,Birth,Closest,49652,68271,43158,6494,25113,0.8692,0.6322,0.732
kilmarnock,2,10,8,Birth,Birth,Furthest,49453,68271,43154,6299,25117,0.8726,0.6321,0.7331
kilmarnock,2,10,8,Birth,Birth,Mean,49903,68271,43182,6721,25089,0.8653,0.6325,0.7308
kilmarnock,2,10,8,Birth,Death,Closest,25802,68271,18907,6895,49364,0.7328,0.2769,0.402
kilmarnock,2,10,8,Birth,Death,Furthest,25435,68271,18889,6546,49382,0.7426,0.2767,0.4032
kilmarnock,2,10,8,Birth,Death,Mean,26096,68271,18950,7146,49321,0.7262,0.2776,0.4016
kilmarnock,2,10,8,Birth,Marriage,Closest,14695,68271,10765,3930,57506,0.7326,0.1577,0.2595
kilmarnock,2,10,8,Birth,Marriage,Furthest,14526,68271,10802,3724,57469,0.7436,0.1582,0.2609
kilmarnock,2,10,8,Birth,Marriage,Mean,14775,68271,10828,3947,57443,0.7329,0.1586,0.2608
kilmarnock,2,10,20,Birth,Birth,Closest,97921,68271,48305,49616,19966,0.4933,0.7075,0.5813
kilmarnock,2,10,20,Birth,Birth,Furthest,94015,68271,48310,45705,19961,0.5139,0.7076,0.5954
kilmarnock,2,10,20,Birth,Birth,Mean,98285,68271,48357,49928,19914,0.492,0.7083,0.5807
kilmarnock,2,10,20,Birth,Death,Closest,74057,68271,32199,41858,36072,0.4348,0.4716,0.4525
kilmarnock,2,10,20,Birth,Death,Furthest,71309,68271,32327,38982,35944,0.4533,0.4735,0.4632
kilmarnock,2,10,20,Birth,Death,Mean,74646,68271,32697,41949,35574,0.438,0.4789,0.4576
kilmarnock,2,10,20,Birth,Marriage,Closest,37283,68271,17028,20255,51243,0.4567,0.2494,0.3226
kilmarnock,2,10,20,Birth,Marriage,Furthest,35487,68271,17101,18386,51170,0.4819,0.2505,0.3296
kilmarnock,2,10,20,Birth,Marriage,Mean,36738,68271,17054,19684,51217,0.4642,0.2498,0.3248
kilmarnock,2,10,30,Birth,Birth,Closest,135452,68271,48457,86995,19814,0.3577,0.7098,0.4757
kilmarnock,2,10,30,Birth,Birth,Furthest,128132,68271,48446,79686,19825,0.3781,0.7096,0.4933
kilmarnock,2,10,30,Birth,Birth,Mean,134603,68271,48533,86070,19738,0.3606,0.7109,0.4785
kilmarnock,2,10,30,Birth,Death,Closest,106710,68271,33757,72953,34514,0.3163,0.4945,0.3858
kilmarnock,2,10,30,Birth,Death,Furthest,101581,68271,33880,67701,34391,0.3335,0.4963,0.3989
kilmarnock,2,10,30,Birth,Death,Mean,106995,68271,34143,72852,34128,0.3191,0.5001,0.3896
kilmarnock,2,10,30,Birth,Marriage,Closest,50936,68271,17861,33075,50410,0.3507,0.2616,0.2997
kilmarnock,2,10,30,Birth,Marriage,Furthest,47347,68271,17828,29519,50443,0.3765,0.2611,0.3084
kilmarnock,2,10,30,Birth,Marriage,Mean,48874,68271,17697,31177,50574,0.3621,0.2592,0.3021
kilmarnock,5,2,8,Birth,Birth,Closest,42378,68271,42034,344,26237,0.9919,0.6157,0.7598
kilmarnock,5,2,8,Birth,Birth,Furthest,42378,68271,42034,344,26237,0.9919,0.6157,0.7598
kilmarnock,5,2,8,Birth,Birth,Mean,42378,68271,42034,344,26237,0.9919,0.6157,0.7598
kilmarnock,5,2,8,Birth,Death,Closest,35534,68271,35051,483,33220,0.9864,0.5134,0.6753
kilmarnock,5,2,8,Birth,Death,Furthest,35471,68271,34988,483,33283,0.9864,0.5125,0.6745
kilmarnock,5,2,8,Birth,Death,Mean,35534,68271,35051,483,33220,0.9864,0.5134,0.6753
kilmarnock,5,2,8,Birth,Marriage,Closest,20908,68271,20798,110,47473,0.9947,0.3046,0.4664
kilmarnock,5,2,8,Birth,Marriage,Furthest,20896,68271,20786,110,47485,0.9947,0.3045,0.4662
kilmarnock,5,2,8,Birth,Marriage,Mean,20908,68271,20798,110,47473,0.9947,0.3046,0.4664
kilmarnock,5,2,20,Birth,Birth,Closest,46416,68271,45989,427,22282,0.9908,0.6736,0.802
kilmarnock,5,2,20,Birth,Birth,Furthest,46416,68271,45989,427,22282,0.9908,0.6736,0.802
kilmarnock,5,2,20,Birth,Birth,Mean,46416,68271,45989,427,22282,0.9908,0.6736,0.802
kilmarnock,5,2,20,Birth,Death,Closest,42739,68271,42138,601,26133,0.9859,0.6172,0.7592
kilmarnock,5,2,20,Birth,Death,Furthest,42680,68271,42079,601,26192,0.9859,0.6164,0.7585
kilmarnock,5,2,20,Birth,Death,Mean,42739,68271,42138,601,26133,0.9859,0.6172,0.7592
kilmarnock,5,2,20,Birth,Marriage,Closest,26032,68271,25832,200,42439,0.9923,0.3784,0.5479
kilmarnock,5,2,20,Birth,Marriage,Furthest,26020,68271,25820,200,42451,0.9923,0.3782,0.5477
kilmarnock,5,2,20,Birth,Marriage,Mean,26032,68271,25832,200,42439,0.9923,0.3784,0.5479
kilmarnock,5,2,30,Birth,Birth,Closest,46416,68271,45989,427,22282,0.9908,0.6736,0.802
kilmarnock,5,2,30,Birth,Birth,Furthest,46416,68271,45989,427,22282,0.9908,0.6736,0.802
kilmarnock,5,2,30,Birth,Birth,Mean,46416,68271,45989,427,22282,0.9908,0.6736,0.802
kilmarnock,5,2,30,Birth,Death,Closest,42739,68271,42138,601,26133,0.9859,0.6172,0.7592
kilmarnock,5,2,30,Birth,Death,Furthest,0,0,0,0,0,0,0,0
kilmarnock,5,2,30,Birth,Death,Mean,42739,68271,42138,601,26133,0.9859,0.6172,0.7592
kilmarnock,5,2,30,Birth,Marriage,Closest,26032,68271,25832,200,42439,0.9923,0.3784,0.5479
kilmarnock,5,2,30,Birth,Marriage,Furthest,26020,68271,25820,200,42451,0.9923,0.3782,0.5477
kilmarnock,5,2,30,Birth,Marriage,Mean,26032,68271,25832,200,42439,0.9923,0.3784,0.5479
kilmarnock,5,5,8,Birth,Birth,Closest,44574,68271,43173,1401,25098,0.9686,0.6324,0.7652
kilmarnock,5,5,8,Birth,Birth,Furthest,44556,68271,43173,1383,25098,0.969,0.6324,0.7653
kilmarnock,5,5,8,Birth,Birth,Mean,44582,68271,43173,1409,25098,0.9684,0.6324,0.7651
kilmarnock,5,5,8,Birth,Death,Closest,40784,68271,37002,3782,31269,0.9073,0.542,0.6786
kilmarnock,5,5,8,Birth,Death,Furthest,40680,68271,36992,3688,31279,0.9093,0.5418,0.6791
kilmarnock,5,5,8,Birth,Death,Mean,40830,68271,37024,3806,31247,0.9068,0.5423,0.6787
kilmarnock,5,5,8,Birth,Marriage,Closest,22679,68271,21574,1105,46697,0.9513,0.316,0.4744
kilmarnock,5,5,8,Birth,Marriage,Furthest,22653,68271,21573,1080,46698,0.9523,0.316,0.4745
kilmarnock,5,5,8,Birth,Marriage,Mean,22661,68271,21573,1088,46698,0.952,0.316,0.4745
kilmarnock,5,5,20,Birth,Birth,Closest,52054,68271,47730,4324,20541,0.9169,0.6991,0.7934
kilmarnock,5,5,20,Birth,Birth,Furthest,51734,68271,47720,4014,20551,0.9224,0.699,0.7953
kilmarnock,5,5,20,Birth,Birth,Mean,51925,68271,47730,4195,20541,0.9192,0.6991,0.7942
kilmarnock,5,5,20,Birth,Death,Closest,58124,68271,47656,10468,20615,0.8199,0.698,0.7541
kilmarnock,5,5,20,Birth,Death,Furthest,57577,68271,47664,9913,20607,0.8278,0.6982,0.7575
kilmarnock,5,5,20,Birth,Death,Mean,58281,68271,47655,10626,20616,0.8177,0.698,0.7531
kilmarnock,5,5,20,Birth,Marriage,Closest,31193,68271,28689,2504,39582,0.9197,0.4202,0.5769
kilmarnock,5,5,20,Birth,Marriage,Furthest,31155,68271,28689,2466,39582,0.9208,0.4202,0.5771
kilmarnock,5,5,20,Birth,Marriage,Mean,31163,68271,28689,2474,39582,0.9206,0.4202,0.577
kilmarnock,5,5,30,Birth,Birth,Closest,53202,68271,47730,5472,20541,0.8971,0.6991,0.7859
kilmarnock,5,5,30,Birth,Birth,Furthest,52629,68271,47720,4909,20551,0.9067,0.699,0.7894
kilmarnock,5,5,30,Birth,Birth,Mean,53381,68271,47730,5651,20541,0.8941,0.6991,0.7847
kilmarnock,5,5,30,Birth,Death,Closest,62775,68271,47771,15004,20500,0.761,0.6997,0.7291
kilmarnock,5,5,30,Birth,Death,Furthest,61346,68271,47781,13565,20490,0.7789,0.6999,0.7373
kilmarnock,5,5,30,Birth,Death,Mean,61823,68271,47793,14030,20478,0.7731,0.7,0.7347
kilmarnock,5,5,30,Birth,Marriage,Closest,31299,68271,28725,2574,39546,0.9178,0.4207,0.577
kilmarnock,5,5,30,Birth,Marriage,Furthest,31261,68271,28725,2536,39546,0.9189,0.4207,0.5772
kilmarnock,5,5,30,Birth,Marriage,Mean,31269,68271,28725,2544,39546,0.9186,0.4207,0.5772
kilmarnock,5,8,8,Birth,Birth,Closest,48288,68271,43632,4656,24639,0.9036,0.6391,0.7487
kilmarnock,5,8,8,Birth,Birth,Furthest,48184,68271,43632,4552,24639,0.9055,0.6391,0.7493
kilmarnock,5,8,8,Birth,Birth,Mean,48363,68271,43644,4719,24627,0.9024,0.6393,0.7484
kilmarnock,5,8,8,Birth,Death,Closest,37169,68271,31032,6137,37239,0.8349,0.4545,0.5886
kilmarnock,5,8,8,Birth,Death,Furthest,36820,68271,31050,5770,37221,0.8433,0.4548,0.5909
kilmarnock,5,8,8,Birth,Death,Mean,37186,68271,31121,6065,37150,0.8369,0.4558,0.5902
kilmarnock,5,8,8,Birth,Marriage,Closest,21782,68271,18911,2871,49360,0.8682,0.277,0.42
kilmarnock,5,8,8,Birth,Marriage,Furthest,21659,68271,18925,2734,49346,0.8738,0.2772,0.4209
kilmarnock,5,8,8,Birth,Marriage,Mean,21830,68271,18960,2870,49311,0.8685,0.2777,0.4209
kilmarnock,5,8,20,Birth,Birth,Closest,75538,68271,48696,26842,19575,0.6447,0.7133,0.6772
kilmarnock,5,8,20,Birth,Birth,Furthest,73841,68271,48649,25192,19622,0.6588,0.7126,0.6847
kilmarnock,5,8,20,Birth,Birth,Mean,75011,68271,48716,26295,19555,0.6495,0.7136,0.68
kilmarnock,5,8,20,Birth,Death,Closest,76803,68271,45745,31058,22526,0.5956,0.6701,0.6306
kilmarnock,5,8,20,Birth,Death,Furthest,74589,68271,45732,28857,22539,0.6131,0.6699,0.6402
kilmarnock,5,8,20,Birth,Death,Mean,76572,68271,45889,30683,22382,0.5993,0.6722,0.6336
kilmarnock,5,8,20,Birth,Marriage,Closest,41430,68271,27721,13709,40550,0.6691,0.406,0.5054
kilmarnock,5,8,20,Birth,Marriage,Furthest,40134,68271,27821,12313,40450,0.6932,0.4075,0.5133
kilmarnock,5,8,20,Birth,Marriage,Mean,40738,68271,27811,12927,40460,0.6827,0.4074,0.5103
kilmarnock,5,8,30,Birth,Birth,Closest,89243,68271,48770,40473,19501,0.5465,0.7144,0.6192
kilmarnock,5,8,30,Birth,Birth,Furthest,84405,68271,48701,35704,19570,0.577,0.7133,0.638
kilmarnock,5,8,30,Birth,Birth,Mean,87518,68271,48758,38760,19513,0.5571,0.7142,0.6259
kilmarnock,5,8,30,Birth,Death,Closest,96464,68271,46606,49858,21665,0.4831,0.6827,0.5658
kilmarnock,5,8,30,Birth,Death,Furthest,91636,68271,46670,44966,21601,0.5093,0.6836,0.5837
kilmarnock,5,8,30,Birth,Death,Mean,93848,68271,46769,47079,21502,0.4983,0.685,0.577
kilmarnock,5,8,30,Birth,Marriage,Closest,48480,68271,27999,20481,40272,0.5775,0.4101,0.4796
kilmarnock,5,8,30,Birth,Marriage,Furthest,46118,68271,28247,17871,40024,0.6125,0.4137,0.4939
kilmarnock,5,8,30,Birth,Marriage,Mean,46538,68271,28176,18362,40095,0.6054,0.4127,0.4908
kilmarnock,5,10,8,Birth,Birth,Closest,49652,68271,43158,6494,25113,0.8692,0.6322,0.732
kilmarnock,5,10,8,Birth,Birth,Furthest,49453,68271,43154,6299,25117,0.8726,0.6321,0.7331
kilmarnock,5,10,8,Birth,Birth,Mean,49903,68271,43182,6721,25089,0.8653,0.6325,0.7308
kilmarnock,5,10,8,Birth,Death,Closest,28517,68271,20968,7549,47303,0.7353,0.3071,0.4333
kilmarnock,5,10,8,Birth,Death,Furthest,28011,68271,20961,7050,47310,0.7483,0.307,0.4354
kilmarnock,5,10,8,Birth,Death,Mean,28895,68271,21086,7809,47185,0.7297,0.3089,0.434
kilmarnock,5,10,8,Birth,Marriage,Closest,18834,68271,13595,5239,54676,0.7218,0.1991,0.3122
kilmarnock,5,10,8,Birth,Marriage,Furthest,18492,68271,13541,4951,54730,0.7323,0.1983,0.3121
kilmarnock,5,10,8,Birth,Marriage,Mean,19256,68271,13693,5563,54578,0.7111,0.2006,0.3129
kilmarnock,5,10,20,Birth,Birth,Closest,97921,68271,48305,49616,19966,0.4933,0.7075,0.5813
kilmarnock,5,10,20,Birth,Birth,Furthest,94015,68271,48310,45705,19961,0.5139,0.7076,0.5954
kilmarnock,5,10,20,Birth,Birth,Mean,98285,68271,48357,49928,19914,0.492,0.7083,0.5807
kilmarnock,5,10,20,Birth,Death,Closest,85898,68271,36509,49389,31762,0.425,0.5348,0.4736
kilmarnock,5,10,20,Birth,Death,Furthest,81788,68271,36443,45345,31828,0.4456,0.5338,0.4857
kilmarnock,5,10,20,Birth,Death,Mean,87414,68271,37103,50311,31168,0.4245,0.5435,0.4766
kilmarnock,5,10,20,Birth,Marriage,Closest,51210,68271,22776,28434,45495,0.4448,0.3336,0.3812
kilmarnock,5,10,20,Birth,Marriage,Furthest,49988,68271,23081,26907,45190,0.4617,0.3381,0.3903
kilmarnock,5,10,20,Birth,Marriage,Mean,51684,68271,23234,28450,45037,0.4495,0.3403,0.3874
kilmarnock,5,10,30,Birth,Birth,Closest,135452,68271,48457,86995,19814,0.3577,0.7098,0.4757
kilmarnock,5,10,30,Birth,Birth,Furthest,128132,68271,48446,79686,19825,0.3781,0.7096,0.4933
kilmarnock,5,10,30,Birth,Birth,Mean,134603,68271,48533,86070,19738,0.3606,0.7109,0.4785
kilmarnock,5,10,30,Birth,Death,Closest,124712,68271,38455,86257,29816,0.3084,0.5633,0.3985
kilmarnock,5,10,30,Birth,Death,Furthest,118761,68271,38412,80349,29859,0.3234,0.5626,0.4108
kilmarnock,5,10,30,Birth,Death,Mean,124915,68271,38945,85970,29326,0.3118,0.5704,0.4032
kilmarnock,5,10,30,Birth,Marriage,Closest,71095,68271,24097,46998,44174,0.3389,0.353,0.3458
kilmarnock,5,10,30,Birth,Marriage,Furthest,68468,68271,24317,44151,43954,0.3552,0.3562,0.3557
kilmarnock,5,10,30,Birth,Marriage,Mean,72988,68271,24435,48553,43836,0.3348,0.3579,0.346
kilmarnock,8,2,8,Birth,Birth,Closest,42378,68271,42034,344,26237,0.9919,0.6157,0.7598
kilmarnock,8,2,8,Birth,Birth,Furthest,42378,68271,42034,344,26237,0.9919,0.6157,0.7598
kilmarnock,8,2,8,Birth,Birth,Mean,42378,68271,42034,344,26237,0.9919,0.6157,0.7598
kilmarnock,8,2,8,Birth,Death,Closest,38888,68271,38378,510,29893,0.9869,0.5621,0.7163
kilmarnock,8,2,8,Birth,Death,Furthest,38820,68271,38310,510,29961,0.9869,0.5611,0.7155
kilmarnock,8,2,8,Birth,Death,Mean,38886,68271,38376,510,29895,0.9869,0.5621,0.7163
kilmarnock,8,2,8,Birth,Marriage,Closest,26733,68271,26603,130,41668,0.9951,0.3897,0.56
kilmarnock,8,2,8,Birth,Marriage,Furthest,26706,68271,26576,130,41695,0.9951,0.3893,0.5596
kilmarnock,8,2,8,Birth,Marriage,Mean,26733,68271,26603,130,41668,0.9951,0.3897,0.56
kilmarnock,8,2,20,Birth,Birth,Closest,46416,68271,45989,427,22282,0.9908,0.6736,0.802
kilmarnock,8,2,20,Birth,Birth,Furthest,46416,68271,45989,427,22282,0.9908,0.6736,0.802
kilmarnock,8,2,20,Birth,Birth,Mean,46416,68271,45989,427,22282,0.9908,0.6736,0.802
kilmarnock,8,2,20,Birth,Death,Closest,46150,68271,45529,621,22742,0.9865,0.6669,0.7958
kilmarnock,8,2,20,Birth,Death,Furthest,46095,68271,45474,621,22797,0.9865,0.6661,0.7952
kilmarnock,8,2,20,Birth,Death,Mean,46150,68271,45529,621,22742,0.9865,0.6669,0.7958
kilmarnock,8,2,20,Birth,Marriage,Closest,33229,68271,32990,239,35281,0.9928,0.4832,0.65
kilmarnock,8,2,20,Birth,Marriage,Furthest,33202,68271,32963,239,35308,0.9928,0.4828,0.6497
kilmarnock,8,2,20,Birth,Marriage,Mean,33229,68271,32990,239,35281,0.9928,0.4832,0.65
kilmarnock,8,2,30,Birth,Birth,Closest,46416,68271,45989,427,22282,0.9908,0.6736,0.802
kilmarnock,8,2,30,Birth,Birth,Furthest,46416,68271,45989,427,22282,0.9908,0.6736,0.802
kilmarnock,8,2,30,Birth,Birth,Mean,46416,68271,45989,427,22282,0.9908,0.6736,0.802
kilmarnock,8,2,30,Birth,Death,Closest,46150,68271,45529,621,22742,0.9865,0.6669,0.7958
kilmarnock,8,2,30,Birth,Death,Furthest,46095,68271,45474,621,22797,0.9865,0.6661,0.7952
kilmarnock,8,2,30,Birth,Death,Mean,46150,68271,45529,621,22742,0.9865,0.6669,0.7958
kilmarnock,8,2,30,Birth,Marriage,Closest,33229,68271,32990,239,35281,0.9928,0.4832,0.65
kilmarnock,8,2,30,Birth,Marriage,Furthest,33202,68271,32963,239,35308,0.9928,0.4828,0.6497
kilmarnock,8,2,30,Birth,Marriage,Mean,33229,68271,32990,239,35281,0.9928,0.4832,0.65
kilmarnock,8,5,8,Birth,Birth,Closest,44574,68271,43173,1401,25098,0.9686,0.6324,0.7652
kilmarnock,8,5,8,Birth,Birth,Furthest,44556,68271,43173,1383,25098,0.969,0.6324,0.7653
kilmarnock,8,5,8,Birth,Birth,Mean,44582,68271,43173,1409,25098,0.9684,0.6324,0.7651
kilmarnock,8,5,8,Birth,Death,Closest,45387,68271,41009,4378,27262,0.9035,0.6007,0.7216
kilmarnock,8,5,8,Birth,Death,Furthest,45158,68271,41002,4156,27269,0.908,0.6006,0.723
kilmarnock,8,5,8,Birth,Death,Mean,45502,68271,41024,4478,27247,0.9016,0.6009,0.7212
kilmarnock,8,5,8,Birth,Marriage,Closest,29118,68271,27476,1642,40795,0.9436,0.4025,0.5643
kilmarnock,8,5,8,Birth,Marriage,Furthest,29078,68271,27472,1606,40799,0.9448,0.4024,0.5644
kilmarnock,8,5,8,Birth,Marriage,Mean,29146,68271,27506,1640,40765,0.9437,0.4029,0.5647
kilmarnock,8,5,20,Birth,Birth,Closest,52054,68271,47730,4324,20541,0.9169,0.6991,0.7934
kilmarnock,8,5,20,Birth,Birth,Furthest,51734,68271,47720,4014,20551,0.9224,0.699,0.7953
kilmarnock,8,5,20,Birth,Birth,Mean,51925,68271,47730,4195,20541,0.9192,0.6991,0.7942
kilmarnock,8,5,20,Birth,Death,Closest,64029,68271,51658,12371,16613,0.8068,0.7567,0.7809
kilmarnock,8,5,20,Birth,Death,Furthest,63401,68271,51686,11715,16585,0.8152,0.7571,0.7851
kilmarnock,8,5,20,Birth,Death,Mean,64147,68271,51683,12464,16588,0.8057,0.757,0.7806
kilmarnock,8,5,20,Birth,Marriage,Closest,41145,68271,36881,4264,31390,0.8964,0.5402,0.6741
kilmarnock,8,5,20,Birth,Marriage,Furthest,40871,68271,36879,3992,31392,0.9023,0.5402,0.6758
kilmarnock,8,5,20,Birth,Marriage,Mean,40915,68271,36885,4030,31386,0.9015,0.5403,0.6756
kilmarnock,8,5,30,Birth,Birth,Closest,53202,68271,47730,5472,20541,0.8971,0.6991,0.7859
kilmarnock,8,5,30,Birth,Birth,Furthest,52629,68271,47720,4909,20551,0.9067,0.699,0.7894
kilmarnock,8,5,30,Birth,Birth,Mean,53381,68271,47730,5651,20541,0.8941,0.6991,0.7847
kilmarnock,8,5,30,Birth,Death,Closest,68390,68271,51775,16615,16496,0.7571,0.7584,0.7577
kilmarnock,8,5,30,Birth,Death,Furthest,67639,68271,51757,15882,16514,0.7652,0.7581,0.7616
kilmarnock,8,5,30,Birth,Death,Mean,68452,68271,51766,16686,16505,0.7562,0.7582,0.7572
kilmarnock,8,5,30,Birth,Marriage,Closest,41841,68271,36917,4924,31354,0.8823,0.5407,0.6705
kilmarnock,8,5,30,Birth,Marriage,Furthest,41264,68271,36934,4330,31337,0.8951,0.541,0.6744
kilmarnock,8,5,30,Birth,Marriage,Mean,41501,68271,36917,4584,31354,0.8895,0.5407,0.6726
kilmarnock,8,8,8,Birth,Birth,Closest,48288,68271,43632,4656,24639,0.9036,0.6391,0.7487
kilmarnock,8,8,8,Birth,Birth,Furthest,48184,68271,43632,4552,24639,0.9055,0.6391,0.7493
kilmarnock,8,8,8,Birth,Birth,Mean,48363,68271,43644,4719,24627,0.9024,0.6393,0.7484
kilmarnock,8,8,8,Birth,Death,Closest,46543,68271,34120,12423,34151,0.7331,0.4998,0.5944
kilmarnock,8,8,8,Birth,Death,Furthest,45898,68271,34190,11708,34081,0.7449,0.5008,0.5989
kilmarnock,8,8,8,Birth,Death,Mean,46747,68271,34309,12438,33962,0.7339,0.5025,0.5966
kilmarnock,8,8,8,Birth,Marriage,Closest,30038,68271,21951,8087,46320,0.7308,0.3215,0.4466
kilmarnock,8,8,8,Birth,Marriage,Furthest,29549,68271,21951,7598,46320,0.7429,0.3215,0.4488
kilmarnock,8,8,8,Birth,Marriage,Mean,30096,68271,22063,8033,46208,0.7331,0.3232,0.4486
kilmarnock,8,8,20,Birth,Birth,Closest,75538,68271,48696,26842,19575,0.6447,0.7133,0.6772
kilmarnock,8,8,20,Birth,Birth,Furthest,73841,68271,48649,25192,19622,0.6588,0.7126,0.6847
kilmarnock,8,8,20,Birth,Birth,Mean,75011,68271,48716,26295,19555,0.6495,0.7136,0.68
kilmarnock,8,8,20,Birth,Death,Closest,102970,68271,50238,52732,18033,0.4879,0.7359,0.5868
kilmarnock,8,8,20,Birth,Death,Furthest,98265,68271,50372,47893,17899,0.5126,0.7378,0.6049
kilmarnock,8,8,20,Birth,Death,Mean,100747,68271,50651,50096,17620,0.5028,0.7419,0.5994
kilmarnock,8,8,20,Birth,Marriage,Closest,73086,68271,36063,37023,32208,0.4934,0.5282,0.5102
kilmarnock,8,8,20,Birth,Marriage,Furthest,69861,68271,36105,33756,32166,0.5168,0.5288,0.5228
kilmarnock,8,8,20,Birth,Marriage,Mean,70681,68271,36048,34633,32223,0.51,0.528,0.5189
kilmarnock,8,8,30,Birth,Birth,Closest,89243,68271,48770,40473,19501,0.5465,0.7144,0.6192
kilmarnock,8,8,30,Birth,Birth,Furthest,84405,68271,48701,35704,19570,0.577,0.7133,0.638
kilmarnock,8,8,30,Birth,Birth,Mean,87518,68271,48758,38760,19513,0.5571,0.7142,0.6259
kilmarnock,8,8,30,Birth,Death,Closest,134947,68271,51277,83670,16994,0.38,0.7511,0.5047
kilmarnock,8,8,30,Birth,Death,Furthest,126090,68271,51575,74515,16696,0.409,0.7554,0.5307
kilmarnock,8,8,30,Birth,Death,Mean,130100,68271,51680,78420,16591,0.3972,0.757,0.521
kilmarnock,8,8,30,Birth,Marriage,Closest,94360,68271,36525,57835,31746,0.3871,0.535,0.4492
kilmarnock,8,8,30,Birth,Marriage,Furthest,87764,68271,36518,51246,31753,0.4161,0.5349,0.4681
kilmarnock,8,8,30,Birth,Marriage,Mean,90509,68271,36823,53686,31448,0.4068,0.5394,0.4638
kilmarnock,8,10,8,Birth,Birth,Closest,49652,68271,43158,6494,25113,0.8692,0.6322,0.732
kilmarnock,8,10,8,Birth,Birth,Furthest,49453,68271,43154,6299,25117,0.8726,0.6321,0.7331
kilmarnock,8,10,8,Birth,Birth,Mean,49903,68271,43182,6721,25089,0.8653,0.6325,0.7308
kilmarnock,8,10,8,Birth,Death,Closest,33178,68271,22316,10862,45955,0.6726,0.3269,0.4399
kilmarnock,8,10,8,Birth,Death,Furthest,32604,68271,22346,10258,45925,0.6854,0.3273,0.443
kilmarnock,8,10,8,Birth,Death,Mean,33816,68271,22516,11300,45755,0.6658,0.3298,0.4411
kilmarnock,8,10,8,Birth,Marriage,Closest,22497,68271,14894,7603,53377,0.662,0.2182,0.3282
kilmarnock,8,10,8,Birth,Marriage,Furthest,22137,68271,14879,7258,53392,0.6721,0.2179,0.3292
kilmarnock,8,10,8,Birth,Marriage,Mean,22995,68271,14991,8004,53280,0.6519,0.2196,0.3285
kilmarnock,8,10,20,Birth,Birth,Closest,97921,68271,48305,49616,19966,0.4933,0.7075,0.5813
kilmarnock,8,10,20,Birth,Birth,Furthest,94015,68271,48310,45705,19961,0.5139,0.7076,0.5954
kilmarnock,8,10,20,Birth,Birth,Mean,98285,68271,48357,49928,19914,0.492,0.7083,0.5807
kilmarnock,8,10,20,Birth,Death,Closest,105735,68271,39018,66717,29253,0.369,0.5715,0.4485
kilmarnock,8,10,20,Birth,Death,Furthest,101029,68271,39003,62026,29268,0.3861,0.5713,0.4608
kilmarnock,8,10,20,Birth,Death,Mean,108335,68271,39557,68778,28714,0.3651,0.5794,0.448
kilmarnock,8,10,20,Birth,Marriage,Closest,74176,68271,27789,46387,40482,0.3746,0.407,0.3902
kilmarnock,8,10,20,Birth,Marriage,Furthest,71805,68271,27758,44047,40513,0.3866,0.4066,0.3963
kilmarnock,8,10,20,Birth,Marriage,Mean,75647,68271,28022,47625,40249,0.3704,0.4105,0.3894
kilmarnock,8,10,30,Birth,Birth,Closest,135452,68271,48457,86995,19814,0.3577,0.7098,0.4757
kilmarnock,8,10,30,Birth,Birth,Furthest,128132,68271,48446,79686,19825,0.3781,0.7096,0.4933
kilmarnock,8,10,30,Birth,Birth,Mean,134603,68271,48533,86070,19738,0.3606,0.7109,0.4785
kilmarnock,8,10,30,Birth,Death,Closest,161069,68271,41232,119837,27039,0.256,0.6039,0.3596
kilmarnock,8,10,30,Birth,Death,Furthest,152850,68271,41076,111774,27195,0.2687,0.6017,0.3715
kilmarnock,8,10,30,Birth,Death,Mean,160711,68271,41839,118872,26432,0.2603,0.6128,0.3654
kilmarnock,8,10,30,Birth,Marriage,Closest,110734,68271,29850,80884,38421,0.2696,0.4372,0.3335
kilmarnock,8,10,30,Birth,Marriage,Furthest,104655,68271,29811,74844,38460,0.2849,0.4367,0.3448
kilmarnock,8,10,30,Birth,Marriage,Mean,113909,68271,30329,83580,37942,0.2663,0.4442,0.333
kilmarnock,10,2,8,Birth,Birth,Closest,42378,68271,42034,344,26237,0.9919,0.6157,0.7598
kilmarnock,10,2,8,Birth,Birth,Furthest,42378,68271,42034,344,26237,0.9919,0.6157,0.7598
kilmarnock,10,2,8,Birth,Birth,Mean,42378,68271,42034,344,26237,0.9919,0.6157,0.7598
kilmarnock,10,2,8,Birth,Death,Closest,40743,68271,40238,505,28033,0.9876,0.5894,0.7382
kilmarnock,10,2,8,Birth,Death,Furthest,40660,68271,40155,505,28116,0.9876,0.5882,0.7373
kilmarnock,10,2,8,Birth,Death,Mean,40741,68271,40236,505,28035,0.9876,0.5894,0.7382
kilmarnock,10,2,8,Birth,Marriage,Closest,35329,68271,35087,242,33184,0.9932,0.5139,0.6774
kilmarnock,10,2,8,Birth,Marriage,Furthest,35314,68271,35072,242,33199,0.9931,0.5137,0.6772
kilmarnock,10,2,8,Birth,Marriage,Mean,35327,68271,35085,242,33186,0.9931,0.5139,0.6773
kilmarnock,10,2,20,Birth,Birth,Closest,46416,68271,45989,427,22282,0.9908,0.6736,0.802
kilmarnock,10,2,20,Birth,Birth,Furthest,46416,68271,45989,427,22282,0.9908,0.6736,0.802
kilmarnock,10,2,20,Birth,Birth,Mean,46416,68271,45989,427,22282,0.9908,0.6736,0.802
kilmarnock,10,2,20,Birth,Death,Closest,49023,68271,48400,623,19871,0.9873,0.7089,0.8253
kilmarnock,10,2,20,Birth,Death,Furthest,48953,68271,48330,623,19941,0.9873,0.7079,0.8246
kilmarnock,10,2,20,Birth,Death,Mean,49023,68271,48400,623,19871,0.9873,0.7089,0.8253
kilmarnock,10,2,20,Birth,Marriage,Closest,41509,68271,41168,341,27103,0.9918,0.603,0.75
kilmarnock,10,2,20,Birth,Marriage,Furthest,41503,68271,41162,341,27109,0.9918,0.6029,0.7499
kilmarnock,10,2,20,Birth,Marriage,Mean,41509,68271,41168,341,27103,0.9918,0.603,0.75
kilmarnock,10,2,30,Birth,Birth,Closest,46416,68271,45989,427,22282,0.9908,0.6736,0.802
kilmarnock,10,2,30,Birth,Birth,Furthest,46416,68271,45989,427,22282,0.9908,0.6736,0.802
kilmarnock,10,2,30,Birth,Birth,Mean,46416,68271,45989,427,22282,0.9908,0.6736,0.802
kilmarnock,10,2,30,Birth,Death,Closest,49023,68271,48400,623,19871,0.9873,0.7089,0.8253
kilmarnock,10,2,30,Birth,Death,Furthest,48953,68271,48330,623,19941,0.9873,0.7079,0.8246
kilmarnock,10,2,30,Birth,Death,Mean,49023,68271,48400,623,19871,0.9873,0.7089,0.8253
kilmarnock,10,2,30,Birth,Marriage,Closest,41509,68271,41168,341,27103,0.9918,0.603,0.75
kilmarnock,10,2,30,Birth,Marriage,Furthest,41503,68271,41162,341,27109,0.9918,0.6029,0.7499
kilmarnock,10,2,30,Birth,Marriage,Mean,41509,68271,41168,341,27103,0.9918,0.603,0.75
kilmarnock,10,5,8,Birth,Birth,Closest,44574,68271,43173,1401,25098,0.9686,0.6324,0.7652
kilmarnock,10,5,8,Birth,Birth,Furthest,44556,68271,43173,1383,25098,0.969,0.6324,0.7653
kilmarnock,10,5,8,Birth,Birth,Mean,44582,68271,43173,1409,25098,0.9684,0.6324,0.7651
kilmarnock,10,5,8,Birth,Death,Closest,47000,68271,42711,4289,25560,0.9087,0.6256,0.7411
kilmarnock,10,5,8,Birth,Death,Furthest,46767,68271,42699,4068,25572,0.913,0.6254,0.7423
kilmarnock,10,5,8,Birth,Death,Mean,47107,68271,42722,4385,25549,0.9069,0.6258,0.7406
kilmarnock,10,5,8,Birth,Marriage,Closest,39505,68271,36895,2610,31376,0.9339,0.5404,0.6847
kilmarnock,10,5,8,Birth,Marriage,Furthest,39406,68271,36906,2500,31365,0.9366,0.5406,0.6855
kilmarnock,10,5,8,Birth,Marriage,Mean,39521,68271,36923,2598,31348,0.9343,0.5408,0.6851
kilmarnock,10,5,20,Birth,Birth,Closest,52054,68271,47730,4324,20541,0.9169,0.6991,0.7934
kilmarnock,10,5,20,Birth,Birth,Furthest,51734,68271,47720,4014,20551,0.9224,0.699,0.7953
kilmarnock,10,5,20,Birth,Birth,Mean,51925,68271,47730,4195,20541,0.9192,0.6991,0.7942
kilmarnock,10,5,20,Birth,Death,Closest,67452,68271,55043,12409,13228,0.816,0.8062,0.8111
kilmarnock,10,5,20,Birth,Death,Furthest,66531,68271,55033,11498,13238,0.8272,0.8061,0.8165
kilmarnock,10,5,20,Birth,Death,Mean,67604,68271,55040,12564,13231,0.8142,0.8062,0.8102
kilmarnock,10,5,20,Birth,Marriage,Closest,52879,68271,46290,6589,21981,0.8754,0.678,0.7642
kilmarnock,10,5,20,Birth,Marriage,Furthest,52526,68271,46289,6237,21982,0.8813,0.678,0.7664
kilmarnock,10,5,20,Birth,Marriage,Mean,52757,68271,46294,6463,21977,0.8775,0.6781,0.765
kilmarnock,10,5,30,Birth,Birth,Closest,53202,68271,47730,5472,20541,0.8971,0.6991,0.7859
kilmarnock,10,5,30,Birth,Birth,Furthest,52629,68271,47720,4909,20551,0.9067,0.699,0.7894
kilmarnock,10,5,30,Birth,Birth,Mean,53381,68271,47730,5651,20541,0.8941,0.6991,0.7847
kilmarnock,10,5,30,Birth,Death,Closest,71679,68271,55112,16567,13159,0.7689,0.8073,0.7876
kilmarnock,10,5,30,Birth,Death,Furthest,70958,68271,55096,15862,13175,0.7765,0.807,0.7914
kilmarnock,10,5,30,Birth,Death,Mean,71995,68271,55104,16891,13167,0.7654,0.8071,0.7857
kilmarnock,10,5,30,Birth,Marriage,Closest,54615,68271,46355,8260,21916,0.8488,0.679,0.7544
kilmarnock,10,5,30,Birth,Marriage,Furthest,54078,68271,46370,7708,21901,0.8575,0.6792,0.758
kilmarnock,10,5,30,Birth,Marriage,Mean,54217,68271,46354,7863,21917,0.855,0.679,0.7569
kilmarnock,10,8,8,Birth,Birth,Closest,48288,68271,43632,4656,24639,0.9036,0.6391,0.7487
kilmarnock,10,8,8,Birth,Birth,Furthest,48184,68271,43632,4552,24639,0.9055,0.6391,0.7493
kilmarnock,10,8,8,Birth,Birth,Mean,48363,68271,43644,4719,24627,0.9024,0.6393,0.7484
kilmarnock,10,8,8,Birth,Death,Closest,48988,68271,36064,12924,32207,0.7362,0.5282,0.6151
kilmarnock,10,8,8,Birth,Death,Furthest,48177,68271,36069,12108,32202,0.7487,0.5283,0.6195
kilmarnock,10,8,8,Birth,Death,Mean,49130,68271,36257,12873,32014,0.738,0.5311,0.6177
kilmarnock,10,8,8,Birth,Marriage,Closest,42244,68271,29833,12411,38438,0.7062,0.437,0.5399
kilmarnock,10,8,8,Birth,Marriage,Furthest,41457,68271,29856,11601,38415,0.7202,0.4373,0.5442
kilmarnock,10,8,8,Birth,Marriage,Mean,42364,68271,29974,12390,38297,0.7075,0.439,0.5419
kilmarnock,10,8,20,Birth,Birth,Closest,75538,68271,48696,26842,19575,0.6447,0.7133,0.6772
kilmarnock,10,8,20,Birth,Birth,Furthest,73841,68271,48649,25192,19622,0.6588,0.7126,0.6847
kilmarnock,10,8,20,Birth,Birth,Mean,75011,68271,48716,26295,19555,0.6495,0.7136,0.68
kilmarnock,10,8,20,Birth,Death,Closest,110489,68271,54467,56022,13804,0.493,0.7978,0.6094
kilmarnock,10,8,20,Birth,Death,Furthest,104962,68271,54509,50453,13762,0.5193,0.7984,0.6293
kilmarnock,10,8,20,Birth,Death,Mean,108084,68271,54702,53382,13569,0.5061,0.8012,0.6204
kilmarnock,10,8,20,Birth,Marriage,Closest,95090,68271,44227,50863,24044,0.4651,0.6478,0.5415
kilmarnock,10,8,20,Birth,Marriage,Furthest,90857,68271,44459,46398,23812,0.4893,0.6512,0.5588
kilmarnock,10,8,20,Birth,Marriage,Mean,93197,68271,44716,48481,23555,0.4798,0.655,0.5539
kilmarnock,10,8,30,Birth,Birth,Closest,89243,68271,48770,40473,19501,0.5465,0.7144,0.6192
kilmarnock,10,8,30,Birth,Birth,Furthest,84405,68271,48701,35704,19570,0.577,0.7133,0.638
kilmarnock,10,8,30,Birth,Birth,Mean,87518,68271,48758,38760,19513,0.5571,0.7142,0.6259
kilmarnock,10,8,30,Birth,Death,Closest,145826,68271,55293,90533,12978,0.3792,0.8099,0.5165
kilmarnock,10,8,30,Birth,Death,Furthest,134411,68271,55594,78817,12677,0.4136,0.8143,0.5486
kilmarnock,10,8,30,Birth,Death,Mean,139897,68271,55892,84005,12379,0.3995,0.8187,0.537
kilmarnock,10,8,30,Birth,Marriage,Closest,124750,68271,45048,79702,23223,0.3611,0.6598,0.4668
kilmarnock,10,8,30,Birth,Marriage,Furthest,116001,68271,45476,70525,22795,0.392,0.6661,0.4936
kilmarnock,10,8,30,Birth,Marriage,Mean,119983,68271,45694,74289,22577,0.3808,0.6693,0.4855
kilmarnock,10,10,8,Birth,Birth,Closest,49652,68271,43158,6494,25113,0.8692,0.6322,0.732
kilmarnock,10,10,8,Birth,Birth,Furthest,49453,68271,43154,6299,25117,0.8726,0.6321,0.7331
kilmarnock,10,10,8,Birth,Birth,Mean,49903,68271,43182,6721,25089,0.8653,0.6325,0.7308
kilmarnock,10,10,8,Birth,Death,Closest,38651,68271,24225,14426,44046,0.6268,0.3548,0.4531
kilmarnock,10,10,8,Birth,Death,Furthest,37893,68271,24160,13733,44111,0.6376,0.3539,0.4551
kilmarnock,10,10,8,Birth,Death,Mean,39563,68271,24471,15092,43800,0.6185,0.3584,0.4539
kilmarnock,10,10,8,Birth,Marriage,Closest,30621,68271,18002,12619,50269,0.5879,0.2637,0.3641
kilmarnock,10,10,8,Birth,Marriage,Furthest,29997,68271,18031,11966,50240,0.6011,0.2641,0.367
kilmarnock,10,10,8,Birth,Marriage,Mean,31394,68271,18218,13176,50053,0.5803,0.2668,0.3656
kilmarnock,10,10,20,Birth,Birth,Closest,97921,68271,48305,49616,19966,0.4933,0.7075,0.5813
kilmarnock,10,10,20,Birth,Birth,Furthest,94015,68271,48310,45705,19961,0.5139,0.7076,0.5954
kilmarnock,10,10,20,Birth,Birth,Mean,98285,68271,48357,49928,19914,0.492,0.7083,0.5807
kilmarnock,10,10,20,Birth,Death,Closest,127072,68271,43694,83378,24577,0.3439,0.64,0.4474
kilmarnock,10,10,20,Birth,Death,Furthest,119456,68271,43448,76008,24823,0.3637,0.6364,0.4629
kilmarnock,10,10,20,Birth,Death,Mean,127863,68271,44372,83491,23899,0.347,0.6499,0.4525
kilmarnock,10,10,20,Birth,Marriage,Closest,103192,68271,32563,70629,35708,0.3156,0.477,0.3798
kilmarnock,10,10,20,Birth,Marriage,Furthest,98927,68271,32645,66282,35626,0.33,0.4782,0.3905
kilmarnock,10,10,20,Birth,Marriage,Mean,104478,68271,33114,71364,35157,0.3169,0.485,0.3834
kilmarnock,10,10,30,Birth,Birth,Closest,135452,68271,48457,86995,19814,0.3577,0.7098,0.4757
kilmarnock,10,10,30,Birth,Birth,Furthest,128132,68271,48446,79686,19825,0.3781,0.7096,0.4933
kilmarnock,10,10,30,Birth,Birth,Mean,134603,68271,48533,86070,19738,0.3606,0.7109,0.4785
kilmarnock,10,10,30,Birth,Death,Closest,191191,68271,46162,145029,22109,0.2414,0.6762,0.3558
kilmarnock,10,10,30,Birth,Death,Furthest,180814,68271,45823,134991,22448,0.2534,0.6712,0.3679
kilmarnock,10,10,30,Birth,Death,Mean,192215,68271,46646,145569,21625,0.2427,0.6832,0.3581
kilmarnock,10,10,30,Birth,Marriage,Closest,159673,68271,34771,124902,33500,0.2178,0.5093,0.3051
kilmarnock,10,10,30,Birth,Marriage,Furthest,152281,68271,34704,117577,33567,0.2279,0.5083,0.3147
kilmarnock,10,10,30,Birth,Marriage,Mean,159603,68271,34891,124712,33380,0.2186,0.5111,0.3062
skye,2,2,8,Birth,Birth,Closest,27081,41247,25443,1638,15804,0.9395,0.6168,0.7447
skye,2,2,8,Birth,Birth,Furthest,27081,41247,25443,1638,15804,0.9395,0.6168,0.7447
skye,2,2,8,Birth,Birth,Mean,27081,41247,25443,1638,15804,0.9395,0.6168,0.7447
skye,2,2,8,Birth,Death,Closest,19026,41247,17906,1120,23341,0.9411,0.4341,0.5942
skye,2,2,8,Birth,Death,Furthest,19007,41247,17895,1112,23352,0.9415,0.4338,0.594
skye,2,2,8,Birth,Death,Mean,19026,41247,17906,1120,23341,0.9411,0.4341,0.5942
skye,2,2,8,Birth,Marriage,Closest,12810,41247,12306,504,28941,0.9607,0.2983,0.4553
skye,2,2,8,Birth,Marriage,Furthest,12803,41247,12307,496,28940,0.9613,0.2984,0.4554
skye,2,2,8,Birth,Marriage,Mean,12810,41247,12306,504,28941,0.9607,0.2983,0.4553
skye,2,2,20,Birth,Birth,Closest,31781,41247,28847,2934,12400,0.9077,0.6994,0.79
skye,2,2,20,Birth,Birth,Furthest,31781,41247,28847,2934,12400,0.9077,0.6994,0.79
skye,2,2,20,Birth,Birth,Mean,31781,41247,28847,2934,12400,0.9077,0.6994,0.79
skye,2,2,20,Birth,Death,Closest,26266,41247,23365,2901,17882,0.8896,0.5665,0.6922
skye,2,2,20,Birth,Death,Furthest,26266,41247,23365,2901,17882,0.8896,0.5665,0.6922
skye,2,2,20,Birth,Death,Mean,26266,41247,23365,2901,17882,0.8896,0.5665,0.6922
skye,2,2,20,Birth,Marriage,Closest,17959,41247,16568,1391,24679,0.9225,0.4017,0.5597
skye,2,2,20,Birth,Marriage,Furthest,17959,41247,16568,1391,24679,0.9225,0.4017,0.5597
skye,2,2,20,Birth,Marriage,Mean,17959,41247,16568,1391,24679,0.9225,0.4017,0.5597
skye,2,2,30,Birth,Birth,Closest,31838,41247,28847,2991,12400,0.9061,0.6994,0.7894
skye,2,2,30,Birth,Birth,Furthest,31838,41247,28847,2991,12400,0.9061,0.6994,0.7894
skye,2,2,30,Birth,Birth,Mean,31838,41247,28847,2991,12400,0.9061,0.6994,0.7894
skye,2,2,30,Birth,Death,Closest,26326,41247,23365,2961,17882,0.8875,0.5665,0.6915
skye,2,2,30,Birth,Death,Furthest,26326,41247,23365,2961,17882,0.8875,0.5665,0.6915
skye,2,2,30,Birth,Death,Mean,26326,41247,23365,2961,17882,0.8875,0.5665,0.6915
skye,2,2,30,Birth,Marriage,Closest,17959,41247,16568,1391,24679,0.9225,0.4017,0.5597
skye,2,2,30,Birth,Marriage,Furthest,17959,41247,16568,1391,24679,0.9225,0.4017,0.5597
skye,2,2,30,Birth,Marriage,Mean,17959,41247,16568,1391,24679,0.9225,0.4017,0.5597
skye,2,5,8,Birth,Birth,Closest,28725,41247,26243,2482,15004,0.9136,0.6362,0.7501
skye,2,5,8,Birth,Birth,Furthest,28715,41247,26243,2472,15004,0.9139,0.6362,0.7502
skye,2,5,8,Birth,Birth,Mean,28737,41247,26243,2494,15004,0.9132,0.6362,0.75
skye,2,5,8,Birth,Death,Closest,18000,41247,16013,1987,25234,0.8896,0.3882,0.5406
skye,2,5,8,Birth,Death,Furthest,17932,41247,16002,1930,25245,0.8924,0.388,0.5408
skye,2,5,8,Birth,Death,Mean,18004,41247,16014,1990,25233,0.8895,0.3882,0.5405
skye,2,5,8,Birth,Marriage,Closest,11923,41247,11077,846,30170,0.929,0.2686,0.4167
skye,2,5,8,Birth,Marriage,Furthest,11902,41247,11076,826,30171,0.9306,0.2685,0.4168
skye,2,5,8,Birth,Marriage,Mean,11941,41247,11089,852,30158,0.9286,0.2688,0.417
skye,2,5,20,Birth,Birth,Closest,42898,41247,30717,12181,10530,0.716,0.7447,0.7301
skye,2,5,20,Birth,Birth,Furthest,42573,41247,30732,11841,10515,0.7219,0.7451,0.7333
skye,2,5,20,Birth,Birth,Mean,42659,41247,30736,11923,10511,0.7205,0.7452,0.7326
skye,2,5,20,Birth,Death,Closest,33046,41247,23220,9826,18027,0.7027,0.563,0.6251
skye,2,5,20,Birth,Death,Furthest,32348,41247,23293,9055,17954,0.7201,0.5647,0.633
skye,2,5,20,Birth,Death,Mean,32916,41247,23249,9667,17998,0.7063,0.5637,0.627
skye,2,5,20,Birth,Marriage,Closest,21422,41247,16195,5227,25052,0.756,0.3926,0.5168
skye,2,5,20,Birth,Marriage,Furthest,21507,41247,16278,5229,24969,0.7569,0.3946,0.5188
skye,2,5,20,Birth,Marriage,Mean,21536,41247,16274,5262,24973,0.7557,0.3945,0.5184
skye,2,5,30,Birth,Birth,Closest,49519,41247,30825,18694,10422,0.6225,0.7473,0.6792
skye,2,5,30,Birth,Birth,Furthest,48449,41247,30837,17612,10410,0.6365,0.7476,0.6876
skye,2,5,30,Birth,Birth,Mean,49019,41247,30877,18142,10370,0.6299,0.7486,0.6841
skye,2,5,30,Birth,Death,Closest,38813,41247,23855,14958,17392,0.6146,0.5783,0.5959
skye,2,5,30,Birth,Death,Furthest,38079,41247,23960,14119,17287,0.6292,0.5809,0.6041
skye,2,5,30,Birth,Death,Mean,38333,41247,23922,14411,17325,0.6241,0.58,0.6012
skye,2,5,30,Birth,Marriage,Closest,24312,41247,16699,7613,24548,0.6869,0.4049,0.5094
skye,2,5,30,Birth,Marriage,Furthest,24329,41247,16693,7636,24554,0.6861,0.4047,0.5091
skye,2,5,30,Birth,Marriage,Mean,24341,41247,16693,7648,24554,0.6858,0.4047,0.509
skye,2,8,8,Birth,Birth,Closest,28860,41247,25264,3596,15983,0.8754,0.6125,0.7207
skye,2,8,8,Birth,Birth,Furthest,28754,41247,25260,3494,15987,0.8785,0.6124,0.7217
skye,2,8,8,Birth,Birth,Mean,28836,41247,25260,3576,15987,0.876,0.6124,0.7209
skye,2,8,8,Birth,Death,Closest,12668,41247,9885,2783,31362,0.7803,0.2397,0.3667
skye,2,8,8,Birth,Death,Furthest,12576,41247,9885,2691,31362,0.786,0.2397,0.3673
skye,2,8,8,Birth,Death,Mean,12616,41247,9864,2752,31383,0.7819,0.2391,0.3663
skye,2,8,8,Birth,Marriage,Closest,8962,41247,6861,2101,34386,0.7656,0.1663,0.2733
skye,2,8,8,Birth,Marriage,Furthest,8912,41247,6880,2032,34367,0.772,0.1668,0.2743
skye,2,8,8,Birth,Marriage,Mean,8982,41247,6866,2116,34381,0.7644,0.1665,0.2734
skye,2,8,20,Birth,Birth,Closest,57709,41247,30188,27521,11059,0.5231,0.7319,0.6101
skye,2,8,20,Birth,Birth,Furthest,56246,41247,30242,26004,11005,0.5377,0.7332,0.6204
skye,2,8,20,Birth,Birth,Mean,58125,41247,30311,27814,10936,0.5215,0.7349,0.6101
skye,2,8,20,Birth,Death,Closest,39003,41247,18281,20722,22966,0.4687,0.4432,0.4556
skye,2,8,20,Birth,Death,Furthest,37978,41247,18437,19541,22810,0.4855,0.447,0.4654
skye,2,8,20,Birth,Death,Mean,40397,41247,18649,21748,22598,0.4616,0.4521,0.4568
skye,2,8,20,Birth,Marriage,Closest,28404,41247,13075,15329,28172,0.4603,0.317,0.3754
skye,2,8,20,Birth,Marriage,Furthest,28029,41247,13234,14795,28013,0.4722,0.3208,0.3821
skye,2,8,20,Birth,Marriage,Mean,28971,41247,13214,15757,28033,0.4561,0.3204,0.3764
skye,2,8,30,Birth,Birth,Closest,81478,41247,30712,50766,10535,0.3769,0.7446,0.5005
skye,2,8,30,Birth,Birth,Furthest,77405,41247,30691,46714,10556,0.3965,0.7441,0.5173
skye,2,8,30,Birth,Birth,Mean,80745,41247,30850,49895,10397,0.3821,0.7479,0.5058
skye,2,8,30,Birth,Death,Closest,58182,41247,19755,38427,21492,0.3395,0.4789,0.3974
skye,2,8,30,Birth,Death,Furthest,54328,41247,19683,34645,21564,0.3623,0.4772,0.4119
skye,2,8,30,Birth,Death,Mean,57919,41247,19803,38116,21444,0.3419,0.4801,0.3994
skye,2,8,30,Birth,Marriage,Closest,39610,41247,13855,25755,27392,0.3498,0.3359,0.3427
skye,2,8,30,Birth,Marriage,Furthest,38353,41247,13984,24369,27263,0.3646,0.339,0.3514
skye,2,8,30,Birth,Marriage,Mean,39677,41247,14066,25611,27181,0.3545,0.341,0.3476
skye,2,10,8,Birth,Birth,Closest,27594,41247,24272,3322,16975,0.8796,0.5885,0.7052
skye,2,10,8,Birth,Birth,Furthest,27535,41247,24272,3263,16975,0.8815,0.5885,0.7058
skye,2,10,8,Birth,Birth,Mean,27705,41247,24303,3402,16944,0.8772,0.5892,0.7049
skye,2,10,8,Birth,Death,Closest,8055,41247,5512,2543,35735,0.6843,0.1336,0.2236
skye,2,10,8,Birth,Death,Furthest,8016,41247,5538,2478,35709,0.6909,0.1343,0.2248
skye,2,10,8,Birth,Death,Mean,8204,41247,5524,2680,35723,0.6733,0.1339,0.2234
skye,2,10,8,Birth,Marriage,Closest,6110,41247,3984,2126,37263,0.652,0.0966,0.1683
skye,2,10,8,Birth,Marriage,Furthest,6108,41247,4009,2099,37238,0.6564,0.0972,0.1693
skye,2,10,8,Birth,Marriage,Mean,6228,41247,3986,2242,37261,0.64,0.0966,0.1679
skye,2,10,20,Birth,Birth,Closest,58575,41247,28523,30052,12724,0.4869,0.6915,0.5715
skye,2,10,20,Birth,Birth,Furthest,57271,41247,28466,28805,12781,0.497,0.6901,0.5779
skye,2,10,20,Birth,Birth,Mean,60978,41247,28762,32216,12485,0.4717,0.6973,0.5627
skye,2,10,20,Birth,Death,Closest,35693,41247,13393,22300,27854,0.3752,0.3247,0.3481
skye,2,10,20,Birth,Death,Furthest,34913,41247,13439,21474,27808,0.3849,0.3258,0.3529
skye,2,10,20,Birth,Death,Mean,37226,41247,13639,23587,27608,0.3664,0.3307,0.3476
skye,2,10,20,Birth,Marriage,Closest,25940,41247,9465,16475,31782,0.3649,0.2295,0.2818
skye,2,10,20,Birth,Marriage,Furthest,25471,41247,9515,15956,31732,0.3736,0.2307,0.2852
skye,2,10,20,Birth,Marriage,Mean,27446,41247,9703,17743,31544,0.3535,0.2352,0.2825
skye,2,10,30,Birth,Birth,Closest,87379,41247,29176,58203,12071,0.3339,0.7073,0.4537
skye,2,10,30,Birth,Birth,Furthest,83936,41247,29193,54743,12054,0.3478,0.7078,0.4664
skye,2,10,30,Birth,Birth,Mean,92212,41247,29635,62577,11612,0.3214,0.7185,0.4441
skye,2,10,30,Birth,Death,Closest,56889,41247,14940,41949,26307,0.2626,0.3622,0.3045
skye,2,10,30,Birth,Death,Furthest,55903,41247,15095,40808,26152,0.27,0.366,0.3108
skye,2,10,30,Birth,Death,Mean,59116,41247,15191,43925,26056,0.257,0.3683,0.3027
skye,2,10,30,Birth,Marriage,Closest,42872,41247,10752,32120,30495,0.2508,0.2607,0.2556
skye,2,10,30,Birth,Marriage,Furthest,40804,41247,10695,30109,30552,0.2621,0.2593,0.2607
skye,2,10,30,Birth,Marriage,Mean,43894,41247,10942,32952,30305,0.2493,0.2653,0.257
skye,5,2,8,Birth,Birth,Closest,27081,41247,25443,1638,15804,0.9395,0.6168,0.7447
skye,5,2,8,Birth,Birth,Furthest,27081,41247,25443,1638,15804,0.9395,0.6168,0.7447
skye,5,2,8,Birth,Birth,Mean,27081,41247,25443,1638,15804,0.9395,0.6168,0.7447
skye,5,2,8,Birth,Death,Closest,21907,41247,20297,1610,20950,0.9265,0.4921,0.6428
skye,5,2,8,Birth,Death,Furthest,21882,41247,20279,1603,20968,0.9267,0.4916,0.6425
skye,5,2,8,Birth,Death,Mean,21907,41247,20297,1610,20950,0.9265,0.4921,0.6428
skye,5,2,8,Birth,Marriage,Closest,17991,41247,17292,699,23955,0.9611,0.4192,0.5838
skye,5,2,8,Birth,Marriage,Furthest,17918,41247,17219,699,24028,0.961,0.4175,0.5821
skye,5,2,8,Birth,Marriage,Mean,17991,41247,17292,699,23955,0.9611,0.4192,0.5838
skye,5,2,20,Birth,Birth,Closest,31781,41247,28847,2934,12400,0.9077,0.6994,0.79
skye,5,2,20,Birth,Birth,Furthest,31781,41247,28847,2934,12400,0.9077,0.6994,0.79
skye,5,2,20,Birth,Birth,Mean,31781,41247,28847,2934,12400,0.9077,0.6994,0.79
skye,5,2,20,Birth,Death,Closest,30301,41247,26836,3465,14411,0.8856,0.6506,0.7502
skye,5,2,20,Birth,Death,Furthest,30267,41247,26802,3465,14445,0.8855,0.6498,0.7496
skye,5,2,20,Birth,Death,Mean,30301,41247,26836,3465,14411,0.8856,0.6506,0.7502
skye,5,2,20,Birth,Marriage,Closest,24515,41247,22778,1737,18469,0.9291,0.5522,0.6927
skye,5,2,20,Birth,Marriage,Furthest,24432,41247,22723,1709,18524,0.9301,0.5509,0.6919
skye,5,2,20,Birth,Marriage,Mean,24515,41247,22778,1737,18469,0.9291,0.5522,0.6927
skye,5,2,30,Birth,Birth,Closest,31838,41247,28847,2991,12400,0.9061,0.6994,0.7894
skye,5,2,30,Birth,Birth,Furthest,31838,41247,28847,2991,12400,0.9061,0.6994,0.7894
skye,5,2,30,Birth,Birth,Mean,31838,41247,28847,2991,12400,0.9061,0.6994,0.7894
skye,5,2,30,Birth,Death,Closest,30342,41247,26836,3506,14411,0.8845,0.6506,0.7497
skye,5,2,30,Birth,Death,Furthest,30308,41247,26802,3506,14445,0.8843,0.6498,0.7491
skye,5,2,30,Birth,Death,Mean,30342,41247,26836,3506,14411,0.8845,0.6506,0.7497
skye,5,2,30,Birth,Marriage,Closest,24515,41247,22778,1737,18469,0.9291,0.5522,0.6927
skye,5,2,30,Birth,Marriage,Furthest,24432,41247,22723,1709,18524,0.9301,0.5509,0.6919
skye,5,2,30,Birth,Marriage,Mean,24515,41247,22778,1737,18469,0.9291,0.5522,0.6927
skye,5,5,8,Birth,Birth,Closest,28725,41247,26243,2482,15004,0.9136,0.6362,0.7501
skye,5,5,8,Birth,Birth,Furthest,28715,41247,26243,2472,15004,0.9139,0.6362,0.7502
skye,5,5,8,Birth,Birth,Mean,28737,41247,26243,2494,15004,0.9132,0.6362,0.75
skye,5,5,8,Birth,Death,Closest,21920,41247,18363,3557,22884,0.8377,0.4452,0.5814
skye,5,5,8,Birth,Death,Furthest,21704,41247,18350,3354,22897,0.8455,0.4449,0.583
skye,5,5,8,Birth,Death,Mean,21889,41247,18385,3504,22862,0.8399,0.4457,0.5824
skye,5,5,8,Birth,Marriage,Closest,17286,41247,15215,2071,26032,0.8802,0.3689,0.5199
skye,5,5,8,Birth,Marriage,Furthest,17266,41247,15259,2007,25988,0.8838,0.3699,0.5216
skye,5,5,8,Birth,Marriage,Mean,17370,41247,15269,2101,25978,0.879,0.3702,0.521
skye,5,5,20,Birth,Birth,Closest,42898,41247,30717,12181,10530,0.716,0.7447,0.7301
skye,5,5,20,Birth,Birth,Furthest,42573,41247,30732,11841,10515,0.7219,0.7451,0.7333
skye,5,5,20,Birth,Birth,Mean,42659,41247,30736,11923,10511,0.7205,0.7452,0.7326
skye,5,5,20,Birth,Death,Closest,46558,41247,28649,17909,12598,0.6153,0.6946,0.6526
skye,5,5,20,Birth,Death,Furthest,45278,41247,28720,16558,12527,0.6343,0.6963,0.6639
skye,5,5,20,Birth,Death,Mean,45816,41247,28733,17083,12514,0.6271,0.6966,0.6601
skye,5,5,20,Birth,Marriage,Closest,35458,41247,23718,11740,17529,0.6689,0.575,0.6184
skye,5,5,20,Birth,Marriage,Furthest,34673,41247,23875,10798,17372,0.6886,0.5788,0.629
skye,5,5,20,Birth,Marriage,Mean,35113,41247,23789,11324,17458,0.6775,0.5767,0.6231
skye,5,5,30,Birth,Birth,Closest,49519,41247,30825,18694,10422,0.6225,0.7473,0.6792
skye,5,5,30,Birth,Birth,Furthest,48449,41247,30837,17612,10410,0.6365,0.7476,0.6876
skye,5,5,30,Birth,Birth,Mean,49019,41247,30877,18142,10370,0.6299,0.7486,0.6841
skye,5,5,30,Birth,Death,Closest,57346,41247,29324,28022,11923,0.5114,0.7109,0.5948
skye,5,5,30,Birth,Death,Furthest,55342,41247,29447,25895,11800,0.5321,0.7139,0.6097
skye,5,5,30,Birth,Death,Mean,56048,41247,29433,26615,11814,0.5251,0.7136,0.605
skye,5,5,30,Birth,Marriage,Closest,44092,41247,24510,19582,16737,0.5559,0.5942,0.5744
skye,5,5,30,Birth,Marriage,Furthest,42265,41247,24436,17829,16811,0.5782,0.5924,0.5852
skye,5,5,30,Birth,Marriage,Mean,42937,41247,24418,18519,16829,0.5687,0.592,0.5801
skye,5,8,8,Birth,Birth,Closest,28860,41247,25264,3596,15983,0.8754,0.6125,0.7207
skye,5,8,8,Birth,Birth,Furthest,28754,41247,25260,3494,15987,0.8785,0.6124,0.7217
skye,5,8,8,Birth,Birth,Mean,28836,41247,25260,3576,15987,0.876,0.6124,0.7209
skye,5,8,8,Birth,Death,Closest,14270,41247,10459,3811,30788,0.7329,0.2536,0.3768
skye,5,8,8,Birth,Death,Furthest,14000,41247,10428,3572,30819,0.7449,0.2528,0.3775
skye,5,8,8,Birth,Death,Mean,14267,41247,10472,3795,30775,0.734,0.2539,0.3773
skye,5,8,8,Birth,Marriage,Closest,12009,41247,9024,2985,32223,0.7514,0.2188,0.3389
skye,5,8,8,Birth,Marriage,Furthest,11874,41247,9003,2871,32244,0.7582,0.2183,0.339
skye,5,8,8,Birth,Marriage,Mean,12072,41247,9008,3064,32239,0.7462,0.2184,0.3379
skye,5,8,20,Birth,Birth,Closest,57709,41247,30188,27521,11059,0.5231,0.7319,0.6101
skye,5,8,20,Birth,Birth,Furthest,56246,41247,30242,26004,11005,0.5377,0.7332,0.6204
skye,5,8,20,Birth,Birth,Mean,58125,41247,30311,27814,10936,0.5215,0.7349,0.6101
skye,5,8,20,Birth,Death,Closest,49724,41247,21190,28534,20057,0.4262,0.5137,0.4659
skye,5,8,20,Birth,Death,Furthest,48219,41247,21374,26845,19873,0.4433,0.5182,0.4778
skye,5,8,20,Birth,Death,Mean,51261,41247,21733,29528,19514,0.424,0.5269,0.4699
skye,5,8,20,Birth,Marriage,Closest,39433,41247,17636,21797,23611,0.4472,0.4276,0.4372
skye,5,8,20,Birth,Marriage,Furthest,38640,41247,17793,20847,23454,0.4605,0.4314,0.4455
skye,5,8,20,Birth,Marriage,Mean,40116,41247,17855,22261,23392,0.4451,0.4329,0.4389
skye,5,8,30,Birth,Birth,Closest,81478,41247,30712,50766,10535,0.3769,0.7446,0.5005
skye,5,8,30,Birth,Birth,Furthest,77405,41247,30691,46714,10556,0.3965,0.7441,0.5173
skye,5,8,30,Birth,Birth,Mean,80745,41247,30850,49895,10397,0.3821,0.7479,0.5058
skye,5,8,30,Birth,Death,Closest,76341,41247,23101,53240,18146,0.3026,0.5601,0.3929
skye,5,8,30,Birth,Death,Furthest,72660,41247,23262,49398,17985,0.3201,0.564,0.4084
skye,5,8,30,Birth,Death,Mean,76588,41247,23615,52973,17632,0.3083,0.5725,0.4008
skye,5,8,30,Birth,Marriage,Closest,61021,41247,19506,41515,21741,0.3197,0.4729,0.3815
skye,5,8,30,Birth,Marriage,Furthest,59535,41247,19598,39937,21649,0.3292,0.4751,0.3889
skye,5,8,30,Birth,Marriage,Mean,61514,41247,19724,41790,21523,0.3206,0.4782,0.3839
skye,5,10,8,Birth,Birth,Closest,27594,41247,24272,3322,16975,0.8796,0.5885,0.7052
skye,5,10,8,Birth,Birth,Furthest,27535,41247,24272,3263,16975,0.8815,0.5885,0.7058
skye,5,10,8,Birth,Birth,Mean,27705,41247,24303,3402,16944,0.8772,0.5892,0.7049
skye,5,10,8,Birth,Death,Closest,7996,41247,5220,2776,36027,0.6528,0.1266,0.212
skye,5,10,8,Birth,Death,Furthest,7908,41247,5241,2667,36006,0.6627,0.1271,0.2132
skye,5,10,8,Birth,Death,Mean,8175,41247,5260,2915,35987,0.6434,0.1275,0.2129
skye,5,10,8,Birth,Marriage,Closest,7486,41247,5069,2417,36178,0.6771,0.1229,0.208
skye,5,10,8,Birth,Marriage,Furthest,7447,41247,5071,2376,36176,0.6809,0.1229,0.2083
skye,5,10,8,Birth,Marriage,Mean,7531,41247,5048,2483,36199,0.6703,0.1224,0.207
skye,5,10,20,Birth,Birth,Closest,58575,41247,28523,30052,12724,0.4869,0.6915,0.5715
skye,5,10,20,Birth,Birth,Furthest,57271,41247,28466,28805,12781,0.497,0.6901,0.5779
skye,5,10,20,Birth,Birth,Mean,60978,41247,28762,32216,12485,0.4717,0.6973,0.5627
skye,5,10,20,Birth,Death,Closest,41426,41247,14535,26891,26712,0.3509,0.3524,0.3516
skye,5,10,20,Birth,Death,Furthest,40477,41247,14642,25835,26605,0.3617,0.355,0.3583
skye,5,10,20,Birth,Death,Mean,43645,41247,14874,28771,26373,0.3408,0.3606,0.3504
skye,5,10,20,Birth,Marriage,Closest,34050,41247,12086,21964,29161,0.3549,0.293,0.321
skye,5,10,20,Birth,Marriage,Furthest,33055,41247,12043,21012,29204,0.3643,0.292,0.3242
skye,5,10,20,Birth,Marriage,Mean,36413,41247,12526,23887,28721,0.344,0.3037,0.3226
skye,5,10,30,Birth,Birth,Closest,87379,41247,29176,58203,12071,0.3339,0.7073,0.4537
skye,5,10,30,Birth,Birth,Furthest,83936,41247,29193,54743,12054,0.3478,0.7078,0.4664
skye,5,10,30,Birth,Birth,Mean,92212,41247,29635,62577,11612,0.3214,0.7185,0.4441
skye,5,10,30,Birth,Death,Closest,65759,41247,16480,49279,24767,0.2506,0.3995,0.308
skye,5,10,30,Birth,Death,Furthest,65739,41247,16916,48823,24331,0.2573,0.4101,0.3162
skye,5,10,30,Birth,Death,Mean,69931,41247,17015,52916,24232,0.2433,0.4125,0.3061
skye,5,10,30,Birth,Marriage,Closest,56425,41247,14289,42136,26958,0.2532,0.3464,0.2926
skye,5,10,30,Birth,Marriage,Furthest,54593,41247,14222,40371,27025,0.2605,0.3448,0.2968
skye,5,10,30,Birth,Marriage,Mean,59040,41247,14522,44518,26725,0.246,0.3521,0.2896
skye,8,2,8,Birth,Birth,Closest,27081,41247,25443,1638,15804,0.9395,0.6168,0.7447
skye,8,2,8,Birth,Birth,Furthest,27081,41247,25443,1638,15804,0.9395,0.6168,0.7447
skye,8,2,8,Birth,Birth,Mean,27081,41247,25443,1638,15804,0.9395,0.6168,0.7447
skye,8,2,8,Birth,Death,Closest,25816,41247,24256,1560,16991,0.9396,0.5881,0.7234
skye,8,2,8,Birth,Death,Furthest,25765,41247,24205,1560,17042,0.9395,0.5868,0.7224
skye,8,2,8,Birth,Death,Mean,25816,41247,24256,1560,16991,0.9396,0.5881,0.7234
skye,8,2,8,Birth,Marriage,Closest,22362,41247,21680,682,19567,0.9695,0.5256,0.6817
skye,8,2,8,Birth,Marriage,Furthest,22311,41247,21628,683,19619,0.9694,0.5244,0.6806
skye,8,2,8,Birth,Marriage,Mean,22362,41247,21680,682,19567,0.9695,0.5256,0.6817
skye,8,2,20,Birth,Birth,Closest,31781,41247,28847,2934,12400,0.9077,0.6994,0.79
skye,8,2,20,Birth,Birth,Furthest,31781,41247,28847,2934,12400,0.9077,0.6994,0.79
skye,8,2,20,Birth,Birth,Mean,31781,41247,28847,2934,12400,0.9077,0.6994,0.79
skye,8,2,20,Birth,Death,Closest,34547,41247,31007,3540,10240,0.8975,0.7517,0.8182
skye,8,2,20,Birth,Death,Furthest,34501,41247,30961,3540,10286,0.8974,0.7506,0.8175
skye,8,2,20,Birth,Death,Mean,34547,41247,31007,3540,10240,0.8975,0.7517,0.8182
skye,8,2,20,Birth,Marriage,Closest,29657,41247,27806,1851,13441,0.9376,0.6741,0.7843
skye,8,2,20,Birth,Marriage,Furthest,29613,41247,27762,1851,13485,0.9375,0.6731,0.7836
skye,8,2,20,Birth,Marriage,Mean,29657,41247,27806,1851,13441,0.9376,0.6741,0.7843
skye,8,2,30,Birth,Birth,Closest,31838,41247,28847,2991,12400,0.9061,0.6994,0.7894
skye,8,2,30,Birth,Birth,Furthest,31838,41247,28847,2991,12400,0.9061,0.6994,0.7894
skye,8,2,30,Birth,Birth,Mean,31838,41247,28847,2991,12400,0.9061,0.6994,0.7894
skye,8,2,30,Birth,Death,Closest,34607,41247,31007,3600,10240,0.896,0.7517,0.8175
skye,8,2,30,Birth,Death,Furthest,34561,41247,30961,3600,10286,0.8958,0.7506,0.8168
skye,8,2,30,Birth,Death,Mean,34607,41247,31007,3600,10240,0.896,0.7517,0.8175
skye,8,2,30,Birth,Marriage,Closest,29657,41247,27806,1851,13441,0.9376,0.6741,0.7843
skye,8,2,30,Birth,Marriage,Furthest,29613,41247,27762,1851,13485,0.9375,0.6731,0.7836
skye,8,2,30,Birth,Marriage,Mean,29657,41247,27806,1851,13441,0.9376,0.6741,0.7843
skye,8,5,8,Birth,Birth,Closest,28725,41247,26243,2482,15004,0.9136,0.6362,0.7501
skye,8,5,8,Birth,Birth,Furthest,28715,41247,26243,2472,15004,0.9139,0.6362,0.7502
skye,8,5,8,Birth,Birth,Mean,28737,41247,26243,2494,15004,0.9132,0.6362,0.75
skye,8,5,8,Birth,Death,Closest,26255,41247,22247,4008,19000,0.8473,0.5394,0.6592
skye,8,5,8,Birth,Death,Furthest,26101,41247,22303,3798,18944,0.8545,0.5407,0.6623
skye,8,5,8,Birth,Death,Mean,26303,41247,22327,3976,18920,0.8488,0.5413,0.6611
skye,8,5,8,Birth,Marriage,Closest,22833,41247,20009,2824,21238,0.8763,0.4851,0.6245
skye,8,5,8,Birth,Marriage,Furthest,22685,41247,20027,2658,21220,0.8828,0.4855,0.6265
skye,8,5,8,Birth,Marriage,Mean,22813,41247,20036,2777,21211,0.8783,0.4858,0.6255
skye,8,5,20,Birth,Birth,Closest,42898,41247,30717,12181,10530,0.716,0.7447,0.7301
skye,8,5,20,Birth,Birth,Furthest,42573,41247,30732,11841,10515,0.7219,0.7451,0.7333
skye,8,5,20,Birth,Birth,Mean,42659,41247,30736,11923,10511,0.7205,0.7452,0.7326
skye,8,5,20,Birth,Death,Closest,53582,41247,33673,19909,7574,0.6284,0.8164,0.7102
skye,8,5,20,Birth,Death,Furthest,52296,41247,33730,18566,7517,0.645,0.8178,0.7212
skye,8,5,20,Birth,Death,Mean,53155,41247,33773,19382,7474,0.6354,0.8188,0.7155
skye,8,5,20,Birth,Marriage,Closest,45840,41247,30023,15817,11224,0.655,0.7279,0.6895
skye,8,5,20,Birth,Marriage,Furthest,44581,41247,30025,14556,11222,0.6735,0.7279,0.6997
skye,8,5,20,Birth,Marriage,Mean,45116,41247,30088,15028,11159,0.6669,0.7295,0.6968
skye,8,5,30,Birth,Birth,Closest,49519,41247,30825,18694,10422,0.6225,0.7473,0.6792
skye,8,5,30,Birth,Birth,Furthest,48449,41247,30837,17612,10410,0.6365,0.7476,0.6876
skye,8,5,30,Birth,Birth,Mean,49019,41247,30877,18142,10370,0.6299,0.7486,0.6841
skye,8,5,30,Birth,Death,Closest,65611,41247,34470,31141,6777,0.5254,0.8357,0.6452
skye,8,5,30,Birth,Death,Furthest,63367,41247,34482,28885,6765,0.5442,0.836,0.6592
skye,8,5,30,Birth,Death,Mean,63570,41247,34578,28992,6669,0.5439,0.8383,0.6598
skye,8,5,30,Birth,Marriage,Closest,55291,41247,30771,24520,10476,0.5565,0.746,0.6375
skye,8,5,30,Birth,Marriage,Furthest,53379,41247,30868,22511,10379,0.5783,0.7484,0.6524
skye,8,5,30,Birth,Marriage,Mean,53820,41247,30885,22935,10362,0.5739,0.7488,0.6498
skye,8,8,8,Birth,Birth,Closest,28860,41247,25264,3596,15983,0.8754,0.6125,0.7207
skye,8,8,8,Birth,Birth,Furthest,28754,41247,25260,3494,15987,0.8785,0.6124,0.7217
skye,8,8,8,Birth,Birth,Mean,28836,41247,25260,3576,15987,0.876,0.6124,0.7209
skye,8,8,8,Birth,Death,Closest,16622,41247,11686,4936,29561,0.703,0.2833,0.4039
skye,8,8,8,Birth,Death,Furthest,16256,41247,11623,4633,29624,0.715,0.2818,0.4043
skye,8,8,8,Birth,Death,Mean,16846,41247,11720,5126,29527,0.6957,0.2841,0.4035
skye,8,8,8,Birth,Marriage,Closest,14429,41247,9984,4445,31263,0.6919,0.2421,0.3586
skye,8,8,8,Birth,Marriage,Furthest,14186,41247,9938,4248,31309,0.7005,0.2409,0.3586
skye,8,8,8,Birth,Marriage,Mean,14788,41247,10065,4723,31182,0.6806,0.244,0.3592
skye,8,8,20,Birth,Birth,Closest,57709,41247,30188,27521,11059,0.5231,0.7319,0.6101
skye,8,8,20,Birth,Birth,Furthest,56246,41247,30242,26004,11005,0.5377,0.7332,0.6204
skye,8,8,20,Birth,Birth,Mean,58125,41247,30311,27814,10936,0.5215,0.7349,0.6101
skye,8,8,20,Birth,Death,Closest,64620,41247,25328,39292,15919,0.392,0.6141,0.4785
skye,8,8,20,Birth,Death,Furthest,61666,41247,25355,36311,15892,0.4112,0.6147,0.4927
skye,8,8,20,Birth,Death,Mean,66003,41247,25833,40170,15414,0.3914,0.6263,0.4817
skye,8,8,20,Birth,Marriage,Closest,55171,41247,21432,33739,19815,0.3885,0.5196,0.4446
skye,8,8,20,Birth,Marriage,Furthest,53495,41247,21449,32046,19798,0.401,0.52,0.4528
skye,8,8,20,Birth,Marriage,Mean,57330,41247,21915,35415,19332,0.3823,0.5313,0.4446
skye,8,8,30,Birth,Birth,Closest,81478,41247,30712,50766,10535,0.3769,0.7446,0.5005
skye,8,8,30,Birth,Birth,Furthest,77405,41247,30691,46714,10556,0.3965,0.7441,0.5173
skye,8,8,30,Birth,Birth,Mean,80745,41247,30850,49895,10397,0.3821,0.7479,0.5058
skye,8,8,30,Birth,Death,Closest,99399,41247,27860,71539,13387,0.2803,0.6754,0.3962
skye,8,8,30,Birth,Death,Furthest,94810,41247,27893,66917,13354,0.2942,0.6762,0.41
skye,8,8,30,Birth,Death,Mean,99746,41247,28296,71450,12951,0.2837,0.686,0.4014
skye,8,8,30,Birth,Marriage,Closest,88069,41247,24357,63712,16890,0.2766,0.5905,0.3767
skye,8,8,30,Birth,Marriage,Furthest,85486,41247,24458,61028,16789,0.2861,0.593,0.386
skye,8,8,30,Birth,Marriage,Mean,89312,41247,24760,64552,16487,0.2772,0.6003,0.3793
skye,8,10,8,Birth,Birth,Closest,27594,41247,24272,3322,16975,0.8796,0.5885,0.7052
skye,8,10,8,Birth,Birth,Furthest,27535,41247,24272,3263,16975,0.8815,0.5885,0.7058
skye,8,10,8,Birth,Birth,Mean,27705,41247,24303,3402,16944,0.8772,0.5892,0.7049
skye,8,10,8,Birth,Death,Closest,8510,41247,5374,3136,35873,0.6315,0.1303,0.216
skye,8,10,8,Birth,Death,Furthest,8402,41247,5364,3038,35883,0.6384,0.13,0.2161
skye,8,10,8,Birth,Death,Mean,8773,41247,5431,3342,35816,0.6191,0.1317,0.2172
skye,8,10,8,Birth,Marriage,Closest,8016,41247,4910,3106,36337,0.6125,0.119,0.1993
skye,8,10,8,Birth,Marriage,Furthest,7952,41247,4912,3040,36335,0.6177,0.1191,0.1997
skye,8,10,8,Birth,Marriage,Mean,8277,41247,4960,3317,36287,0.5993,0.1203,0.2003
skye,8,10,20,Birth,Birth,Closest,58575,41247,28523,30052,12724,0.4869,0.6915,0.5715
skye,8,10,20,Birth,Birth,Furthest,57271,41247,28466,28805,12781,0.497,0.6901,0.5779
skye,8,10,20,Birth,Birth,Mean,60978,41247,28762,32216,12485,0.4717,0.6973,0.5627
skye,8,10,20,Birth,Death,Closest,51447,41247,16244,35203,25003,0.3157,0.3938,0.3505
skye,8,10,20,Birth,Death,Furthest,50528,41247,16263,34265,24984,0.3219,0.3943,0.3544
skye,8,10,20,Birth,Death,Mean,53738,41247,16696,37042,24551,0.3107,0.4048,0.3516
skye,8,10,20,Birth,Marriage,Closest,44677,41247,14001,30676,27246,0.3134,0.3394,0.3259
skye,8,10,20,Birth,Marriage,Furthest,43733,41247,13969,29764,27278,0.3194,0.3387,0.3288
skye,8,10,20,Birth,Marriage,Mean,46603,41247,14427,32176,26820,0.3096,0.3498,0.3284
skye,8,10,30,Birth,Birth,Closest,87379,41247,29176,58203,12071,0.3339,0.7073,0.4537
skye,8,10,30,Birth,Birth,Furthest,83936,41247,29193,54743,12054,0.3478,0.7078,0.4664
skye,8,10,30,Birth,Birth,Mean,92212,41247,29635,62577,11612,0.3214,0.7185,0.4441
skye,8,10,30,Birth,Death,Closest,87144,41247,19160,67984,22087,0.2199,0.4645,0.2985
skye,8,10,30,Birth,Death,Furthest,86047,41247,19253,66794,21994,0.2237,0.4668,0.3025
skye,8,10,30,Birth,Death,Mean,91428,41247,19966,71462,21281,0.2184,0.4841,0.301
skye,8,10,30,Birth,Marriage,Closest,73497,41247,16091,57406,25156,0.2189,0.3901,0.2805
skye,8,10,30,Birth,Marriage,Furthest,72627,41247,16217,56410,25030,0.2233,0.3932,0.2848
skye,8,10,30,Birth,Marriage,Mean,78008,41247,16588,61420,24659,0.2126,0.4022,0.2782
skye,10,2,8,Birth,Birth,Closest,27081,41247,25443,1638,15804,0.9395,0.6168,0.7447
skye,10,2,8,Birth,Birth,Furthest,27081,41247,25443,1638,15804,0.9395,0.6168,0.7447
skye,10,2,8,Birth,Birth,Mean,27081,41247,25443,1638,15804,0.9395,0.6168,0.7447
skye,10,2,8,Birth,Death,Closest,26772,41247,25247,1525,16000,0.943,0.6121,0.7424
skye,10,2,8,Birth,Death,Furthest,26742,41247,25219,1523,16028,0.943,0.6114,0.7419
skye,10,2,8,Birth,Death,Mean,26772,41247,25247,1525,16000,0.943,0.6121,0.7424
skye,10,2,8,Birth,Marriage,Closest,24819,41247,23865,954,17382,0.9616,0.5786,0.7225
skye,10,2,8,Birth,Marriage,Furthest,24754,41247,23808,946,17439,0.9618,0.5772,0.7214
skye,10,2,8,Birth,Marriage,Mean,24812,41247,23858,954,17389,0.9616,0.5784,0.7223
skye,10,2,20,Birth,Birth,Closest,31781,41247,28847,2934,12400,0.9077,0.6994,0.79
skye,10,2,20,Birth,Birth,Furthest,31781,41247,28847,2934,12400,0.9077,0.6994,0.79
skye,10,2,20,Birth,Birth,Mean,31781,41247,28847,2934,12400,0.9077,0.6994,0.79
skye,10,2,20,Birth,Death,Closest,35752,41247,32212,3540,9035,0.901,0.781,0.8367
skye,10,2,20,Birth,Death,Furthest,35740,41247,32200,3540,9047,0.901,0.7807,0.8365
skye,10,2,20,Birth,Death,Mean,35752,41247,32212,3540,9035,0.901,0.781,0.8367
skye,10,2,20,Birth,Marriage,Closest,33008,41247,30526,2482,10721,0.9248,0.7401,0.8222
skye,10,2,20,Birth,Marriage,Furthest,32962,41247,30480,2482,10767,0.9247,0.739,0.8215
skye,10,2,20,Birth,Marriage,Mean,33008,41247,30526,2482,10721,0.9248,0.7401,0.8222
skye,10,2,30,Birth,Birth,Closest,31838,41247,28847,2991,12400,0.9061,0.6994,0.7894
skye,10,2,30,Birth,Birth,Furthest,31838,41247,28847,2991,12400,0.9061,0.6994,0.7894
skye,10,2,30,Birth,Birth,Mean,31838,41247,28847,2991,12400,0.9061,0.6994,0.7894
skye,10,2,30,Birth,Death,Closest,35812,41247,32212,3600,9035,0.8995,0.781,0.836
skye,10,2,30,Birth,Death,Furthest,35800,41247,32200,3600,9047,0.8994,0.7807,0.8359
skye,10,2,30,Birth,Death,Mean,35812,41247,32212,3600,9035,0.8995,0.781,0.836
skye,10,2,30,Birth,Marriage,Closest,33049,41247,30526,2523,10721,0.9237,0.7401,0.8217
skye,10,2,30,Birth,Marriage,Furthest,33003,41247,30480,2523,10767,0.9236,0.739,0.821
skye,10,2,30,Birth,Marriage,Mean,33049,41247,30526,2523,10721,0.9237,0.7401,0.8217
skye,10,5,8,Birth,Birth,Closest,28725,41247,26243,2482,15004,0.9136,0.6362,0.7501
skye,10,5,8,Birth,Birth,Furthest,28715,41247,26243,2472,15004,0.9139,0.6362,0.7502
skye,10,5,8,Birth,Birth,Mean,28737,41247,26243,2494,15004,0.9132,0.6362,0.75
skye,10,5,8,Birth,Death,Closest,27841,41247,23794,4047,17453,0.8546,0.5769,0.6888
skye,10,5,8,Birth,Death,Furthest,27627,41247,23823,3804,17424,0.8623,0.5776,0.6918
skye,10,5,8,Birth,Death,Mean,27858,41247,23868,3990,17379,0.8568,0.5787,0.6908
skye,10,5,8,Birth,Marriage,Closest,24915,41247,21942,2973,19305,0.8807,0.532,0.6633
skye,10,5,8,Birth,Marriage,Furthest,24755,41247,21952,2803,19295,0.8868,0.5322,0.6652
skye,10,5,8,Birth,Marriage,Mean,24941,41247,21989,2952,19258,0.8816,0.5331,0.6644
skye,10,5,20,Birth,Birth,Closest,42898,41247,30717,12181,10530,0.716,0.7447,0.7301
skye,10,5,20,Birth,Birth,Furthest,42573,41247,30732,11841,10515,0.7219,0.7451,0.7333
skye,10,5,20,Birth,Birth,Mean,42659,41247,30736,11923,10511,0.7205,0.7452,0.7326
skye,10,5,20,Birth,Death,Closest,55092,41247,35143,19949,6104,0.6379,0.852,0.7296
skye,10,5,20,Birth,Death,Furthest,53991,41247,35177,18814,6070,0.6515,0.8528,0.7387
skye,10,5,20,Birth,Death,Mean,55041,41247,35209,19832,6038,0.6397,0.8536,0.7313
skye,10,5,20,Birth,Marriage,Closest,50025,41247,33284,16741,7963,0.6653,0.8069,0.7293
skye,10,5,20,Birth,Marriage,Furthest,48638,41247,33259,15379,7988,0.6838,0.8063,0.74
skye,10,5,20,Birth,Marriage,Mean,49162,41247,33288,15874,7959,0.6771,0.807,0.7364
skye,10,5,30,Birth,Birth,Closest,49519,41247,30825,18694,10422,0.6225,0.7473,0.6792
skye,10,5,30,Birth,Birth,Furthest,48449,41247,30837,17612,10410,0.6365,0.7476,0.6876
skye,10,5,30,Birth,Birth,Mean,49019,41247,30877,18142,10370,0.6299,0.7486,0.6841
skye,10,5,30,Birth,Death,Closest,67299,41247,35866,31433,5381,0.5329,0.8695,0.6608
skye,10,5,30,Birth,Death,Furthest,65697,41247,36007,29690,5240,0.5481,0.873,0.6734
skye,10,5,30,Birth,Death,Mean,66497,41247,35938,30559,5309,0.5404,0.8713,0.6671
skye,10,5,30,Birth,Marriage,Closest,59947,41247,34049,25898,7198,0.568,0.8255,0.6729
skye,10,5,30,Birth,Marriage,Furthest,57415,41247,34084,23331,7163,0.5936,0.8263,0.6909
skye,10,5,30,Birth,Marriage,Mean,57835,41247,34129,23706,7118,0.5901,0.8274,0.6889
skye,10,8,8,Birth,Birth,Closest,28860,41247,25264,3596,15983,0.8754,0.6125,0.7207
skye,10,8,8,Birth,Birth,Furthest,28754,41247,25260,3494,15987,0.8785,0.6124,0.7217
skye,10,8,8,Birth,Birth,Mean,28836,41247,25260,3576,15987,0.876,0.6124,0.7209
skye,10,8,8,Birth,Death,Closest,18950,41247,12937,6013,28310,0.6827,0.3136,0.4298
skye,10,8,8,Birth,Death,Furthest,18606,41247,12958,5648,28289,0.6964,0.3142,0.433
skye,10,8,8,Birth,Death,Mean,19279,41247,13102,6177,28145,0.6796,0.3176,0.4329
skye,10,8,8,Birth,Marriage,Closest,16660,41247,11779,4881,29468,0.707,0.2856,0.4068
skye,10,8,8,Birth,Marriage,Furthest,16284,41247,11717,4567,29530,0.7195,0.2841,0.4073
skye,10,8,8,Birth,Marriage,Mean,16901,41247,11833,5068,29414,0.7001,0.2869,0.407
skye,10,8,20,Birth,Birth,Closest,57709,41247,30188,27521,11059,0.5231,0.7319,0.6101
skye,10,8,20,Birth,Birth,Furthest,56246,41247,30242,26004,11005,0.5377,0.7332,0.6204
skye,10,8,20,Birth,Birth,Mean,58125,41247,30311,27814,10936,0.5215,0.7349,0.6101
skye,10,8,20,Birth,Death,Closest,68135,41247,26491,41644,14756,0.3888,0.6423,0.4844
skye,10,8,20,Birth,Death,Furthest,65623,41247,26598,39025,14649,0.4053,0.6448,0.4978
skye,10,8,20,Birth,Death,Mean,69061,41247,27054,42007,14193,0.3917,0.6559,0.4905
skye,10,8,20,Birth,Marriage,Closest,64606,41247,25346,39260,15901,0.3923,0.6145,0.4789
skye,10,8,20,Birth,Marriage,Furthest,61466,41247,25115,36351,16132,0.4086,0.6089,0.489
skye,10,8,20,Birth,Marriage,Mean,65541,41247,25772,39769,15475,0.3932,0.6248,0.4827
skye,10,8,30,Birth,Birth,Closest,81478,41247,30712,50766,10535,0.3769,0.7446,0.5005
skye,10,8,30,Birth,Birth,Furthest,77405,41247,30691,46714,10556,0.3965,0.7441,0.5173
skye,10,8,30,Birth,Birth,Mean,80745,41247,30850,49895,10397,0.3821,0.7479,0.5058
skye,10,8,30,Birth,Death,Closest,104271,41247,28972,75299,12275,0.2779,0.7024,0.3982
skye,10,8,30,Birth,Death,Furthest,100047,41247,29106,70941,12141,0.2909,0.7057,0.412
skye,10,8,30,Birth,Death,Mean,103198,41247,29233,73965,12014,0.2833,0.7087,0.4048
skye,10,8,30,Birth,Marriage,Closest,99919,41247,27723,72196,13524,0.2775,0.6721,0.3928
skye,10,8,30,Birth,Marriage,Furthest,95760,41247,27748,68012,13499,0.2898,0.6727,0.4051
skye,10,8,30,Birth,Marriage,Mean,99536,41247,28178,71358,13069,0.2831,0.6832,0.4003
skye,10,10,8,Birth,Birth,Closest,27594,41247,24272,3322,16975,0.8796,0.5885,0.7052
skye,10,10,8,Birth,Birth,Furthest,27535,41247,24272,3263,16975,0.8815,0.5885,0.7058
skye,10,10,8,Birth,Birth,Mean,27705,41247,24303,3402,16944,0.8772,0.5892,0.7049
skye,10,10,8,Birth,Death,Closest,11485,41247,6416,5069,34831,0.5586,0.1556,0.2433
skye,10,10,8,Birth,Death,Furthest,11344,41247,6391,4953,34856,0.5634,0.1549,0.243
skye,10,10,8,Birth,Death,Mean,11780,41247,6471,5309,34776,0.5493,0.1569,0.2441
skye,10,10,8,Birth,Marriage,Closest,9067,41247,5287,3780,35960,0.5831,0.1282,0.2102
skye,10,10,8,Birth,Marriage,Furthest,8945,41247,5263,3682,35984,0.5884,0.1276,0.2097
skye,10,10,8,Birth,Marriage,Mean,9277,41247,5296,3981,35951,0.5709,0.1284,0.2096
skye,10,10,20,Birth,Birth,Closest,58575,41247,28523,30052,12724,0.4869,0.6915,0.5715
skye,10,10,20,Birth,Birth,Furthest,57271,41247,28466,28805,12781,0.497,0.6901,0.5779
skye,10,10,20,Birth,Birth,Mean,60978,41247,28762,32216,12485,0.4717,0.6973,0.5627
skye,10,10,20,Birth,Death,Closest,56990,41247,17341,39649,23906,0.3043,0.4204,0.353
skye,10,10,20,Birth,Death,Furthest,55528,41247,17265,38263,23982,0.3109,0.4186,0.3568
skye,10,10,20,Birth,Death,Mean,59904,41247,17812,42092,23435,0.2973,0.4318,0.3522
skye,10,10,20,Birth,Marriage,Closest,52062,41247,16171,35891,25076,0.3106,0.3921,0.3466
skye,10,10,20,Birth,Marriage,Furthest,50748,41247,16164,34584,25083,0.3185,0.3919,0.3514
skye,10,10,20,Birth,Marriage,Mean,54795,41247,16712,38083,24535,0.305,0.4052,0.348
skye,10,10,30,Birth,Birth,Closest,87379,41247,29176,58203,12071,0.3339,0.7073,0.4537
skye,10,10,30,Birth,Birth,Furthest,83936,41247,29193,54743,12054,0.3478,0.7078,0.4664
skye,10,10,30,Birth,Birth,Mean,92212,41247,29635,62577,11612,0.3214,0.7185,0.4441
skye,10,10,30,Birth,Death,Closest,94286,41247,19928,74358,21319,0.2114,0.4831,0.2941
skye,10,10,30,Birth,Death,Furthest,92050,41247,20048,72002,21199,0.2178,0.486,0.3008
skye,10,10,30,Birth,Death,Mean,98267,41247,20372,77895,20875,0.2073,0.4939,0.292
skye,10,10,30,Birth,Marriage,Closest,88413,41247,19175,69238,22072,0.2169,0.4649,0.2958
skye,10,10,30,Birth,Marriage,Furthest,86435,41247,19107,67328,22140,0.2211,0.4632,0.2993
skye,10,10,30,Birth,Marriage,Mean,92561,41247,19765,72796,21482,0.2135,0.4792,0.2954